node_id,x_coord,y_coord,zone_id
1,420112.62758,4649422.02935,1
2,421423.81005,4648646.33099,2
3,422355.41533,4649543.99472,3
4,419600.99329,4648144.08467,4
5,420521.54826,4648139.30934,5
6,419528.89491,4646906.4441,6
7,420505.38138,4646903.60369,7
8,421358.51059,4646876.04547,8
9,422149.9549,4647115.02396,9
10,419612.10924,4645712.81656,10
11,420541.61534,4645675.06989,11
12,421338.47901,4645826.76265,12
13,422270.54942,4646147.52132,13
14,419725.12812,4644300.30155,14
15,420541.60599,4644262.43073,15
16,421457.61332,4644330.25401,16
17,423618.04952,4649562.97202,17
18,424975.06722,4649555.64132,18
19,426591.17481,4649543.00652,19
20,428215.18878,4649528.68474,20
21,429926.20211,4649517.99895,21
22,423084.8773,4648322.64069,22
23,424984.04639,4648275.43551,23
24,426599.89911,4648270.7996,24
25,428217.63747,4648265.38497,25
26,429429.9574,4648261.62102,26
27,430465.6442,4648136.9146,27
28,423563.88629,4646753.38161,28
29,424986.27813,4646650.1482,29
30,426602.3964,4646652.89005,30
31,428218.08828,4646650.75166,31
32,429830.83689,4646648.84739,32
33,431129.0837,4646656.10567,33
34,422717.10914,4645137.85188,34
35,423771.09512,4645051.50582,35
36,424992.86788,4645038.2794,36
37,426607.43467,4645041.62207,37
38,428216.33122,4645035.37144,38
39,429789.76021,4645055.55554,39
40,430805.31031,4645018.53115,40
41,423149.90564,4643817.56442,41
42,423448.9006,4642863.57379,42
43,424911.61393,4642811.43462,43
44,426613.65536,4643026.23715,44
45,428215.8004,4643019.95926,45
46,429665.38096,4643184.75607,46
47,425804.08561,4641296.00752,47
48,426950.22591,4641342.18313,48
49,428269.72788,4641408.67953,49
50,412537.71519,4641899.83339,50
51,413135.45438,4641861.17039,51
52,413486.21011,4641959.59991,52
53,413639.64775,4641524.78593,53
54,412496.70893,4641068.25512,54
55,413090.54563,4641020.47565,55
56,413458.07951,4641039.92167,56
57,413884.80224,4641140.10438,57
58,420146.59065,4643070.75887,58
59,421778.39947,4642996.12153,59
60,420155.94178,4642271.0286,60
61,420182.46742,4641468.43902,61
62,421716.78878,4641870.61706,62
63,423260.30208,4642049.577,63
64,423253.73448,4641212.22296,64
65,419968.34175,4640372.69148,65
66,421276.05029,4640256.27636,66
67,422070.49747,4640254.37651,67
68,422999.22758,4640093.11801,68
69,424036.70463,4640112.6191,69
70,421405.86184,4638650.03743,70
71,422120.38095,4638650.47803,71
72,423010.18524,4638636.10505,72
73,424012.43007,4638634.41211,73
74,425022.14739,4640222.38366,74
75,425478.11287,4638274.27277,75
76,426774.67588,4638381.98381,76
77,425363.77857,4637527.33025,77
78,426016.5455,4637440.0142,78
79,426979.2869,4637433.16149,79
80,425618.98648,4636353.2523,80
81,426015.45403,4636634.75957,81
82,426857.75302,4636641.76359,82
83,425526.29581,4635133.1044,83
84,426011.55189,4635647.27849,84
85,426642.8519,4635835.5814,85
86,425547.97864,4634207.28485,86
87,425890.85739,4634392.19129,87
88,425031.6998,4633386.96354,88
89,425619.26344,4633393.18846,89
90,426370.237,4633240.50703,90
91,424362.49987,4631984.74481,91
92,425131.23704,4632092.06352,92
93,426234.87915,4632301.05521,93
94,416730.02741,4635252.226,94
95,417361.36084,4635210.31837,95
96,418099.91673,4635260.37166,96
97,416776.50082,4634450.60024,97
98,417362.49152,4634619.02734,98
99,418157.75677,4634575.29699,99
100,417315.42036,4634014.82963,100
101,418114.74675,4634001.57476,101
102,418862.76623,4634215.40496,102
103,433924.09615,4643813.45472,103
104,432113.71558,4641702.71686,104
105,432765.64035,4642500.53911,105
106,433481.46459,4642837.77684,106
107,433310.99133,4641838.82283,107
108,433885.03423,4642092.50714,108
109,434172.02478,4641663.18128,109
110,431859.15422,4641290.68899,110
111,432267.82301,4641287.71208,111
112,432702.55044,4641274.86803,112
113,433286.703,4641261.39035,113
114,433745.80385,4641233.8418,114
115,434001.67923,4641080.77745,115
116,431786.45965,4640609.39067,116
117,432249.91423,4640614.70818,117
118,432680.15382,4640610.85186,118
119,433259.93319,4640804.93326,119
120,433204.12045,4640360.239,120
121,433867.05663,4640473.25024,121
122,432225.6627,4639763.85802,122
123,432643.40015,4639796.1375,123
124,433179.08003,4639790.56242,124
125,429799.74941,4632933.14226,125
126,430136.45037,4633108.97424,126
127,430733.41113,4633262.18371,127
128,431261.28813,4633283.21529,128
129,431942.82155,4633326.5764,129
130,432707.06055,4633326.47302,130
131,429483.88283,4632568.24801,131
132,430152.28562,4632806.6648,132
133,430654.14849,4632784.08686,133
134,431120.94442,4632770.1078,134
135,431475.71618,4632651.63882,135
136,432076.14264,4632726.12527,136
137,430139.32951,4632453.97045,137
138,430640.43476,4632425.81542,138
139,431107.61913,4632302.58319,139
140,431491.17348,4632209.47044,140
141,429502.62476,4631847.12662,141
142,430132.13166,4632102.71567,142
143,430634.08247,4632082.25107,143
144,430119.17554,4631773.05442,144
145,430624.17985,4631735.14088,145
146,431088.60184,4631605.95711,146
147,431433.19246,4631581.08526,147
148,432179.63283,4632429.28811,148
149,431721.01262,4631798.09963,149
150,432031.65957,4631885.00788,150
151,432683.24764,4632349.50933,151
152,432981.93393,4632042.92063,152
153,433415.56661,4632231.3236,153
154,431730.24021,4631433.59105,154
155,432145.27522,4631398.92567,155
156,432559.4984,4631797.11668,156
157,432951.40432,4631388.29454,157
158,433541.1615,4631489.43703,158
159,429276.13723,4631006.97068,159
160,429698.98338,4631020.68319,160
161,430111.9777,4631303.755,161
162,430610.004,4631272.51333,162
163,430086.92937,4630795.21067,163
164,430559.03017,4630791.73457,164
165,431186.61523,4631139.68356,165
166,431105.98074,4630795.18716,166
167,431686.51649,4630853.68364,167
168,432201.35474,4630895.89021,168
169,432591.12985,4630883.30148,169
170,432908.43264,4630845.35703,170
171,433447.72753,4630846.83764,171
172,429440.4292,4630127.75753,172
173,430067.05444,4630108.84187,173
174,430551.95093,4630113.45568,174
175,431095.05495,4630358.04667,175
176,431056.22262,4629966.27121,176
177,431695.58616,4630213.7523,177
178,430528.68519,4629455.15742,178
179,431093.86744,4629559.50166,179
180,431762.67501,4629572.98907,180
181,432402.36208,4629944.75064,181
182,432974.48748,4629891.92529,182
183,430517.56061,4629051.20819,183
184,430105.54337,4628602.7096,184
185,430100.17359,4628080.911,185
186,430612.06996,4628370.56758,186
187,431057.38214,4628986.54003,187
188,431533.59481,4629065.82857,188
189,431973.74261,4629082.14227,189
190,432425.69035,4629090.14329,190
191,431551.29735,4628657.95373,191
192,431963.722,4628665.65384,192
193,432488.57337,4628702.95713,193
194,430939.03467,4628239.85995,194
195,431418.66124,4628194.8304,195
196,431839.47271,4628128.82681,196
197,432253.93047,4627895.46085,0
198,432477.16854,4628142.35183,0
199,433000.85462,4628316.93325,198
200,433651.30316,4628941.04968,199
201,430228.0061,4627578.86395,200
202,430916.38571,4627481.33344,201
203,431356.46608,4627593.69649,202
204,431753.49214,4627612.68973,0
205,431604.27506,4627468.13924,0
206,432138.31193,4627565.02903,204
207,432544.7708,4627550.98116,205
208,433150.34059,4627627.4274,206
209,433900.44599,4627857.728,207
210,429933.41923,4626933.50025,208
211,430464.43544,4626922.51461,209
212,430894.3837,4626834.15033,0
213,431410.27572,4627181.03803,211
214,431368.55607,4626720.0953,0
215,431858.10809,4626928.89639,0
216,432241.16425,4626907.74953,214
217,432780.7781,4627151.59658,215
218,433544.78779,4627113.95915,216
219,432800.9352,4626740.59374,0
220,432030.73394,4626184.40995,0
221,429969.80932,4626289.19427,219
222,429952.03983,4625745.36162,220
223,430503.84677,4625992.76582,221
224,430843.09963,4626007.27638,0
225,431275.67352,4626113.09067,0
226,431397.47348,4625675.09168,225
227,431789.21649,4625719.14649,226
228,432255.28169,4625712.92955,227
229,432809.65121,4625926.95449,0
230,433554.2419,4626716.07949,229
231,433550.69679,4626106.87772,230
232,435069.86574,4626525.14192,231
233,429865.57336,4625159.45068,232
234,430485.11569,4625153.79493,233
235,430881.33786,4625101.00683,0
236,431082.74287,4625269.90031,0
237,431376.88036,4625122.61555,235
238,431783.80643,4625108.41282,236
239,432187.57308,4625106.78748,237
240,432814.55455,4625100.39249,238
241,433602.53158,4625281.30962,239
242,434744.0349,4625276.46075,240
243,430474.4616,4624641.69586,241
244,430896.9268,4624423.49057,242
245,431341.74265,4624404.59969,243
246,431757.07232,4624400.74845,244
247,432165.32129,4624391.63956,245
248,432751.07464,4624624.40984,246
249,432726.44446,4624247.87199,247
250,433536.01834,4624678.31538,248
251,433535.07384,4624278.03756,249
252,434136.46398,4624676.72741,250
253,434123.88658,4624276.33763,251
254,434886.22761,4624512.47641,252
255,430879.75645,4623686.66794,253
256,431309.55193,4623696.08596,254
257,431726.60687,4623692.63999,255
258,432139.80163,4623680.98616,256
259,432765.83595,4623666.37562,257
260,433508.61075,4623721.97953,258
261,434334.8101,4623876.62573,259
262,435165.01855,4623953.48842,260
263,425129.1165,4626867.46602,261
264,426410.66342,4626318.47497,262
265,426936.88816,4626982.23292,263
266,428763.72854,4626909.63503,264
267,427440.97708,4625605.61835,265
268,422921.35778,4625937.43934,266
269,425040.78165,4625880.92844,267
270,423024.32964,4624620.9051,268
271,425048.22708,4624463.84958,269
272,426326.277,4624808.1221,270
273,426461.49889,4623488.19535,271
274,427549.58265,4624819.62817,272
275,428442.52972,4625225.01757,273
276,429124.70348,4625187.7778,274
277,428432.97274,4624492.29595,275
278,429131.74849,4624483.27701,276
279,429659.65539,4624467.00881,277
280,430069.35743,4624455.18117,278
281,430461.18959,4624228.81354,279
282,427547.99973,4623810.82766,280
283,428411.37848,4623668.65259,281
284,429129.40015,4623659.01108,282
285,429664.64655,4623640.39816,283
286,430048.45702,4623628.89689,284
287,430446.91945,4623616.17792,285
288,430837.5738,4623282.33518,286
289,431290.26102,4623285.2566,287
290,431706.54339,4623278.05851,288
291,432128.5263,4623264.03703,289
292,432701.58975,4623230.06779,290
293,433240.88856,4623212.10026,291
294,433727.7192,4623365.26985,292
295,434155.95311,4623466.35663,293
296,434161.18226,4623115.51782,294
297,434858.52484,4623367.93281,295
298,427564.53222,4622871.89498,296
299,428383.69903,4622851.5698,297
300,429084.78177,4622839.44183,298
301,429610.99506,4622830.91441,299
302,430010.85321,4622715.40053,0
303,430034.15785,4623137.8064,0
304,430424.22437,4623017.67838,301
305,430424.19231,4622605.48916,302
306,430853.35906,4623010.15795,303
307,430842.66634,4622601.35722,304
308,431272.58865,4622934.93434,305
309,431276.53626,4622525.50857,306
310,431694.25418,4622943.8093,307
311,431682.33717,4622526.55402,308
312,432122.54328,4622929.9477,309
313,432106.64045,4622522.53342,310
314,432683.83601,4622802.36981,311
315,432935.12758,4622494.23322,312
316,433319.15152,4622931.86727,313
317,433319.88437,4622565.84278,314
318,433320.45211,4622357.09948,315
319,433710.49293,4623023.08635,316
320,433724.68685,4622526.70306,317
321,434372.38907,4622575.78646,318
322,425995.92996,4621643.42035,319
323,427275.01125,4622011.93396,320
324,427821.43804,4622280.79329,321
325,428318.21687,4621949.72468,322
326,429070.69175,4622029.26593,323
327,429570.4547,4621993.45395,324
328,429972.15672,4622149.30791,0
329,429974.61484,4621743.26618,0
330,430355.62789,4622171.73358,326
331,430318.86532,4621776.73506,327
332,430561.48187,4622164.75275,328
333,430515.60917,4621717.2137,329
334,430828.06949,4622068.14659,330
335,430812.80451,4621556.02222,331
336,431260.00892,4622056.64833,332
337,431243.66286,4621544.96716,333
338,431688.2956,4622040.6313,334
339,431564.36279,4621535.81164,0
340,431775.20918,4621530.17566,0
341,432012.88878,4622246.38374,0
342,432004.49051,4622052.08047,0
343,432213.59309,4622046.18259,0
344,432223.23435,4622253.57446,0
345,432101.59198,4621838.89991,338
346,431989.478,4621525.62887,339
347,432721.74264,4622028.3517,340
348,433251.38139,4622159.27374,341
349,433223.77035,4621881.92487,342
350,433566.67149,4622159.81818,343
351,433535.54462,4621872.68826,344
352,434227.28855,4621950.781,345
353,427262.56529,4621251.45309,346
354,427924.56856,4621205.93839,347
355,428342.60311,4621348.77997,348
356,428349.23977,4620933.85001,349
357,428937.03327,4621349.95459,350
358,428957.29397,4620939.72472,351
359,429551.50769,4621377.37237,352
360,429534.9704,4620961.86991,353
361,429913.69719,4621402.01351,0
362,430050.79372,4621262.70817,0
363,429828.31976,4620952.29214,0
364,430040.7507,4620946.18633,0
365,430277.02586,4621386.72995,356
366,430254.10337,4620939.37959,357
367,430483.54932,4621343.47247,358
368,430470.2882,4620932.54976,359
369,430679.4856,4621256.44983,360
370,430687.85836,4620925.65658,361
371,430903.58582,4620917.92145,362
372,431234.53944,4621226.85947,363
373,431320.50454,4620909.87529,364
374,431763.83845,4621210.18436,0
375,431553.65968,4621216.1634,0
376,431741.18112,4620981.15901,366
377,431975.00598,4621204.84222,367
378,432524.86652,4621460.88748,368
379,433352.37163,4621642.53071,369
380,433278.60405,4621335.04417,370
381,423082.13515,4622756.19819,371
382,424713.07762,4622576.99593,372
383,425934.12011,4622795.4123,373
384,425413.37932,4620642.97485,374
385,426355.34096,4619793.36926,375
386,427253.05318,4620398.53027,376
387,428021.02426,4620382.88464,377
388,428915.01388,4620350.63937,378
389,429520.14288,4620536.06827,379
390,430027.42384,4620519.93666,0
391,429814.23041,4620526.01397,0
392,430240.986,4620512.95211,381
393,430451.95849,4620422.57925,382
394,430672.50275,4620418.92309,383
395,430896.09741,4620576.0319,384
396,431162.8589,4620559.61307,385
397,431454.48805,4620605.68412,386
398,431444.85715,4620407.77909,387
399,431796.54912,4620533.62251,388
400,432164.63308,4620602.74817,389
401,433172.31895,4621065.39461,390
402,433750.28281,4620691.25763,391
403,429505.04002,4620110.86269,392
404,429800.20288,4620101.19403,393
405,430125.03884,4620196.14747,394
406,430115.11656,4619894.23413,395
407,430441.69604,4619907.32359,396
408,430655.36985,4619905.80703,397
409,431070.4166,4619998.09865,398
410,431292.9203,4619964.65753,399
411,431609.18958,4619956.53944,400
412,431984.32341,4620152.97536,401
413,432372.55629,4620062.75327,402
414,433531.17533,4619663.51533,403
415,427229.29936,4619567.32627,404
416,428064.60644,4619547.69064,405
417,428852.13822,4619701.19573,406
418,428757.15158,4619276.50058,407
419,429385.49126,4619808.71794,408
420,429718.96804,4619805.17193,409
421,429319.75315,4619606.53308,410
422,429676.48206,4619603.35997,411
423,430105.039,4619592.43008,412
424,430428.93225,4619582.69123,413
425,430644.29004,4619574.42629,414
426,430870.11541,4619580.02667,415
427,429224.75069,4619269.59398,416
428,429650.6079,4619183.16486,417
429,430092.92069,4619289.46885,418
430,430417.62452,4619303.92077,419
431,430624.21198,4619334.37495,420
432,427113.45924,4618982.9776,421
433,427070.90271,4618554.03169,0
434,427905.54826,4618881.40264,423
435,428702.33261,4618945.03618,424
436,428787.39583,4618559.41757,425
437,429274.2149,4618652.567,426
438,429726.08544,4618789.76703,427
439,429677.01151,4618576.22502,428
440,430126.32921,4618884.97516,429
441,430271.09505,4618735.53309,0
442,430417.98569,4618771.98122,0
443,427359.09846,4618051.97954,0
444,427928.35132,4618147.20531,432
445,428724.62929,4617942.86939,433
446,429568.46166,4618008.60536,0
447,427031.30542,4617447.84511,0
448,426635.70486,4618422.38602,0
449,428085.44532,4617140.59118,436
450,428702.16391,4617455.27955,437
451,428738.27362,4617109.58065,0
452,427045.80201,4616441.43811,439
453,427931.74895,4616498.63507,0
454,427168.66897,4615429.36734,441
455,427619.12459,4615810.39584,442
456,430364.88926,4618188.43735,443
457,430012.75126,4617485.06198,444
458,429727.12324,4616972.38997,445
459,428161.29277,4616142.5129,0
460,428714.5573,4616377.72607,0
461,430680.32919,4619072.50506,0
462,431043.35369,4619289.86836,0
463,431584.82137,4619424.18093,448
464,432242.59198,4619757.15271,449
465,432206.81431,4619352.15944,450
466,432851.59206,4619585.9339,451
467,431444.72563,4619065.39273,452
468,431336.2892,4618853.4457,453
469,431977.33143,4618915.68825,454
470,432411.69831,4618940.22698,455
471,432891.12426,4618950.20445,456
472,431129.04071,4618575.09335,457
473,430741.67836,4618671.6694,458
474,431556.00657,4618636.90336,459
475,430793.97783,4618177.2719,460
476,431479.82415,4618405.74918,461
477,431399.43307,4618095.26934,462
478,431991.62431,4618385.38573,463
479,431970.20606,4617995.81286,464
480,432390.21091,4618418.36597,465
481,432452.59557,4617980.86979,466
482,432775.82663,4618422.08762,0
483,433455.47891,4618641.75251,468
484,430759.29016,4617732.04209,0
485,431247.33496,4617697.88466,0
486,430741.21648,4617305.09737,470
487,431232.25616,4617289.44157,471
488,431851.93861,4617577.61875,472
489,432386.37106,4617500.49714,473
490,430285.9392,4616955.47065,474
491,430769.0719,4616875.80806,475
492,431259.07781,4616878.57099,476
493,431833.02585,4617151.67005,0
494,431824.69078,4616937.99355,0
495,431689.93807,4616661.25029,478
496,431247.59143,4616221.70041,0
497,432010.80838,4616332.20288,480
498,432603.25703,4616688.88301,481
499,433346.96234,4617398.4101,0
500,432501.76558,4615969.33136,483
501,433027.39258,4616007.51741,484
502,432502.99599,4615386.84603,485
503,433011.01834,4615266.11351,486
504,433526.01533,4615512.40148,487
505,429220.56145,4616614.53911,488
506,429808.38925,4616427.11366,489
507,430381.12704,4616254.30408,490
508,430780.2634,4616276.01757,0
509,430738.65358,4615549.16696,0
510,431064.22208,4615397.45948,0
511,431871.14809,4615847.31833,494
512,431712.92242,4615470.03373,495
513,431343.15069,4615294.18717,0
514,431684.62721,4615127.97431,497
515,432116.60589,4615257.7574,498
516,432526.20037,4614975.2703,499
517,431109.77209,4614775.78436,500
518,431676.98445,4614742.53095,501
519,431086.33979,4614458.16852,502
520,431706.71962,4614386.28128,503
521,432068.22426,4614311.2176,504
522,432340.03878,4614553.67833,505
523,432908.77652,4614616.23157,0
524,433305.42721,4614550.14097,507
525,431332.17075,4614159.54496,508
526,431982.30251,4614053.03262,509
527,432593.71934,4613894.18812,510
528,432917.19791,4614052.50187,0
529,418161.3441,4620078.17048,512
530,418962.8309,4620002.75459,513
531,418048.28315,4619194.30443,514
532,418332.4869,4618883.39224,515
533,418802.36527,4618965.73009,516
534,419233.59234,4619103.22625,517
535,419654.53803,4619303.93963,518
536,419631.58852,4618475.479,519
537,417354.97399,4618263.82882,520
538,417352.69656,4617831.84109,521
539,417956.58449,4617795.24357,522
540,418212.84159,4618114.97018,523
541,418780.21884,4618263.7879,524
542,418759.49001,4617803.96197,525
543,419210.84629,4618272.44212,526
544,419411.12568,4617810.47161,527
545,418395.81587,4617172.78069,528
546,418783.87881,4617235.94825,529
547,419383.781,4616983.04149,530
548,427944.5429,4615562.36436,0
549,428668.99814,4615624.60594,0
550,429246.84374,4615625.34014,532
551,429910.6937,4615822.41807,533
552,429998.39762,4615409.70125,534
553,427123.46258,4614505.90859,535
554,427849.24729,4614960.49235,536
555,427841.90088,4614383.48178,537
556,428655.48995,4614629.62164,538
557,429234.84736,4614629.76232,539
558,429702.19284,4614610.82208,540
559,430309.04146,4614905.52568,541
560,430312.84392,4614304.69172,542
561,430672.02275,4615034.30048,543
562,430725.657,4614400.43829,544
563,426771.84826,4613882.63451,545
564,427868.00294,4613842.91036,546
565,428835.54782,4613732.21093,547
566,429566.98188,4613521.50509,548
567,429983.42367,4613509.56023,549
568,430402.45851,4613533.07372,550
569,430850.54496,4613566.47743,551
570,429545.11178,4612700.40832,552
571,429930.37474,4612684.31313,553
572,430357.12812,4612699.01012,554
573,430927.80076,4612615.13396,555
574,429623.68885,4611893.31185,556
575,430296.47696,4611863.84632,557
576,431020.09183,4611379.5305,558
577,431375.1732,4611823.31176,559
578,431699.87755,4611015.09267,560
579,431648.28829,4610417.53644,561
580,426294.13264,4610553.58927,562
581,427547.17833,4610505.82382,563
582,428762.02353,4610391.14335,564
583,429587.18384,4610553.89953,565
584,430119.26677,4610598.79795,566
585,426142.0263,4610223.75093,0
586,426329.47015,4609794.83264,0
587,427322.34841,4610130.07113,568
588,428197.2267,4609754.24862,0
589,428218.8441,4610101.21167,0
590,428900.17774,4609845.28418,570
591,429690.98753,4609941.3255,571
592,429724.12619,4609588.94417,572
593,430434.85774,4610099.30721,573
594,431057.12707,4610115.39813,574
595,431845.8614,4609730.64522,575
596,432264.36737,4609744.25559,576
597,427291.5542,4609415.79574,577
598,428173.18849,4609173.14961,578
599,428870.13672,4609146.4052,579
600,429566.37984,4609118.97922,580
601,430283.63937,4609092.61678,581
602,431275.47477,4609137.23578,582
603,428391.31671,4608703.17838,0
604,428210.51165,4608606.14616,0
605,428891.8427,4608589.33913,584
606,429140.82191,4608004.39158,585
607,429926.08642,4608356.89112,586
608,431543.10061,4608423.48078,587
609,432842.1776,4608411.92161,588
610,432861.25936,4608999.66432,589
611,420421.74964,4610767.21187,590
612,421387.23341,4610854.61481,591
613,421404.43365,4610253.33563,592
614,421994.90202,4610885.10748,593
615,421952.37771,4610197.06038,594
616,422667.62567,4611203.38851,595
617,422432.86108,4610553.306,596
618,423029.3637,4610543.41207,597
619,424646.84099,4612175.16267,598
620,425304.09106,4612134.6132,599
621,425049.02002,4611327.30232,600
622,425005.81325,4610680.72161,601
623,424808.65077,4610091.99442,602
624,422406.4564,4609853.90249,603
625,423197.00927,4610024.03626,604
626,423693.44508,4609910.25026,605
627,424817.25429,4609417.05213,606
628,420424.46362,4609578.29167,607
629,421097.38445,4609377.42646,608
630,421751.43781,4609531.47068,609
631,421730.41898,4608721.35313,610
632,422372.26984,4609069.76076,611
633,422812.46507,4609025.90211,612
634,423517.88129,4608833.59926,613
635,424988.9917,4608652.46487,614
636,421100.55198,4608436.50873,615
637,421511.84922,4607769.76369,616
638,421891.40517,4607677.30471,617
639,422305.03062,4608109.45552,618
640,422233.06601,4607095.06618,619
641,423352.15165,4607428.06575,620
642,424935.04015,4607482.36351,621
643,418147.76178,4605304.56787,622
644,420192.12967,4606755.60837,623
645,418698.89738,4605065.78891,624
646,429643.55612,4603295.22204,625
647,429965.34459,4603287.35626,626
648,430519.49724,4602956.46042,627
649,429854.49663,4602473.8752,628
650,430441.6617,4602372.40971,629
651,431126.58694,4602433.45204,630
652,429880.08321,4601733.21724,631
653,430419.37929,4601669.67125,632
654,431074.908,4601624.93016,633
655,431043.27105,4601006.79293,634
656,430522.39096,4601000.58497,635
657,407345.79514,4645302.42723,636
658,408953.82138,4648882.89533,637
659,409563.90886,4645901.85032,638
660,411831.14787,4647656.77176,639
661,413805.61246,4647039.24186,640
662,416734.0292,4647328.0929,641
663,411012.60317,4643696.66578,642
664,412727.2986,4642809.25554,643
665,413353.9271,4643557.39652,644
666,414173.34721,4643513.41767,645
667,414032.38065,4642137.13518,646
668,415379.22491,4643512.79077,647
669,415349.82264,4642012.169,648
670,417010.66502,4642887.57077,649
671,418607.83949,4643243.09929,650
672,411056.91072,4641610.78952,651
673,412233.01637,4640021.07591,652
674,413053.20015,4640025.60645,653
675,413842.0951,4640701.5465,654
676,413735.48068,4639780.87183,655
677,414501.47138,4641169.82877,656
678,414420.06076,4640495.78791,657
679,415329.60537,4641113.40909,658
680,415397.6575,4640242.99898,659
681,416428.5326,4640775.18503,660
682,418166.77886,4640572.94967,661
683,414919.76176,4639407.54218,662
684,411980.55257,4637322.73793,663
685,412805.04248,4638700.14969,664
686,414708.1018,4638533.59294,665
687,417290.97396,4638972.49579,666
688,418463.43653,4638255.60503,667
689,414587.2272,4636733.36562,668
690,413491.97404,4636967.11737,669
691,415765.88774,4637271.32654,670
692,417391.09027,4637234.31573,671
693,418045.69689,4637437.79772,672
694,414782.00093,4635804.73591,673
695,416354.02172,4636093.97808,674
696,417377.21559,4636025.49601,675
697,418097.98226,4636012.96299,676
698,419876.59982,4637183.77961,677
699,422538.20519,4636225.01336,678
700,424164.64097,4637481.14496,679
701,425065.72988,4637120.3336,680
702,424493.21106,4636340.6234,681
703,425060.12,4636234.32958,682
704,424114.92675,4635056.91923,683
705,424999.7098,4635171.38301,684
706,413777.47695,4634136.67495,685
707,415324.49356,4635064.82707,686
708,416252.66689,4635001.85083,687
709,416189.20357,4634409.40472,688
710,415723.79682,4634034.39296,689
711,417249.04478,4633392.87317,690
712,418099.68586,4633390.97614,691
713,418863.97353,4633353.878,692
714,419427.52485,4633361.19743,693
715,420053.68732,4634230.97571,694
716,421694.37477,4633785.61893,695
717,423327.47164,4634161.07127,696
718,424222.52234,4634188.84923,697
719,425007.23293,4634177.89095,698
720,423160.46913,4633383.15554,699
721,424210.17049,4633381.27603,700
722,415032.92211,4632079.30757,701
723,416337.76786,4630594.79862,702
724,417098.44774,4632194.90671,703
725,418307.34288,4632554.51108,704
726,419679.37583,4632681.76578,705
727,419336.31249,4631687.89116,706
728,420852.95887,4631526.64605,707
729,421700.07119,4632405.52012,708
730,423612.26093,4632475.51763,709
731,422909.78953,4631441.91307,710
732,418715.64933,4630556.45059,711
733,421856.68256,4629660.21859,712
734,423370.78705,4630402.09054,713
735,424600.9921,4630429.58463,714
736,425433.86947,4630049.84606,715
737,416393.07185,4628441.5516,716
738,419060.33137,4628200.68198,717
739,421615.42309,4627765.59992,718
740,423625.80838,4628950.76665,719
741,424690.34189,4628963.79689,720
742,423026.06357,4627098.39309,721
743,423696.5106,4627537.32376,722
744,424208.39048,4627087.57328,723
745,425246.66314,4627791.48572,724
746,431777.68371,4648803.51704,725
747,433271.99682,4648688.09192,726
748,434500.80815,4648920.30599,727
749,436687.29001,4648669.16939,728
750,432090.00234,4646555.50795,729
751,433507.60382,4646498.87473,730
752,435294.46338,4646471.09902,731
753,431712.43806,4644737.35819,732
754,432942.91929,4644493.78152,733
755,434696.53969,4644933.0844,734
756,435032.86391,4643172.0071,735
757,436734.19496,4644885.19614,736
758,431056.97414,4642682.44493,737
759,432393.76883,4643421.6531,738
760,432233.77692,4642432.98648,739
761,434575.23914,4642215.59326,740
762,428262.73732,4640534.89488,741
763,429737.42036,4640918.38352,742
764,430934.70253,4640905.371,743
765,435860.9174,4640378.59359,744
766,426032.80744,4639565.54148,745
767,428166.52538,4639029.61241,746
768,429652.54287,4639625.81699,747
769,430799.09828,4639626.03963,748
770,431689.57735,4639729.06202,749
771,429654.92655,4638443.12314,750
772,430674.6244,4638414.80218,751
773,431598.85059,4638904.05013,752
774,432204.48,4638929.86234,753
775,431716.54023,4638106.35335,754
776,432969.92481,4638803.55481,755
777,432833.59937,4637626.15877,756
778,428339.23255,4636990.87595,757
779,429956.01973,4637030.43012,758
780,431388.73042,4637000.85523,759
781,426881.64073,4634764.97423,760
782,428344.37042,4635605.34493,761
783,429874.25157,4635624.61213,762
784,430947.8445,4635616.37979,763
785,432320.02144,4635942.7484,764
786,435118.9447,4637012.4143,765
787,428353.00327,4634426.52034,766
788,429610.9017,4634686.07326,767
789,429577.65173,4634072.33859,768
790,430528.42686,4634382.22491,769
791,431719.69201,4634388.79235,770
792,433417.75642,4634615.34763,771
793,427455.03845,4632929.89969,772
794,428349.17377,4633461.07384,773
795,429550.98799,4633415.73154,774
796,430349.07116,4633506.65303,775
797,428691.10546,4632644.4791,776
798,427728.75586,4631869.46276,777
799,428672.57042,4631809.85549,778
800,426565.35634,4630730.14443,779
801,428221.78398,4630571.4702,780
802,427055.65972,4629354.79839,781
803,428603.55342,4629322.48262,782
804,429407.08431,4629306.41119,783
805,430029.19688,4629291.80143,784
806,426797.47919,4628193.47861,785
807,428230.86801,4628178.17437,786
808,434836.50153,4633210.6162,787
809,434746.28934,4630086.13404,788
810,435461.12929,4628303.00748,789
811,416837.62384,4625535.97387,790
812,419756.86494,4625552.4523,791
813,417038.98808,4623836.15727,792
814,418174.16243,4623578.57426,793
815,419760.41489,4623353.60956,794
816,421472.63122,4623186.22391,795
817,415081.31336,4623509.0235,796
818,416782.01266,4622569.4032,797
819,418154.06633,4622198.23865,798
820,415900.19191,4620803.74904,799
821,416969.39232,4621093.90644,800
822,418169.54329,4621085.94503,801
823,429995.3666,4604178.45701,802
824,418871.11496,4621357.86205,803
825,431153.18602,4605030.5171,804
826,417358.40709,4620080.29139,805
827,420216.99682,4620579.923,806
828,430582.82962,4604214.40945,807
829,431480.64508,4604240.54331,808
830,422238.29591,4621764.55624,809
831,422274.43821,4620258.84376,810
832,430597.04847,4603435.46495,811
833,424404.64593,4620048.49413,812
834,431401.24438,4603407.77323,813
835,415470.76681,4616077.52998,814
836,432822.74578,4604265.33302,815
837,428982.39598,4603503.42808,816
838,416564.67076,4619106.08526,817
839,425700.45949,4600426.31775,818
840,417353.85283,4619072.91718,819
841,429213.1168,4602493.73251,820
842,416718.04048,4617657.89963,821
843,429795.8651,4601218.25025,822
844,417258.50764,4617278.9066,823
845,417669.40967,4616858.10387,824
846,430216.33056,4599696.36134,825
847,418185.02668,4616279.1875,826
848,430826.6996,4599552.66254,827
849,431160.11406,4600135.85538,828
850,418140.25023,4615542.25404,829
851,431515.33045,4598627.19386,830
852,419038.90419,4615737.724,831
853,419507.30346,4616054.18921,832
854,432037.46201,4602664.85264,833
855,431802.57462,4601914.3771,834
856,418364.78248,4614305.60186,835
857,419480.02756,4614013.34423,836
858,431756.82762,4601274.49995,837
859,433060.44632,4602179.22606,838
860,431745.91102,4600208.77693,839
861,420190.28513,4615424.60843,840
862,421002.14243,4616806.03936,841
863,432883.39457,4600217.27043,842
864,431833.34349,4598856.92406,843
865,422423.18951,4618348.74454,844
866,423687.41823,4618439.18271,845
867,431426.88115,4598161.10303,846
868,424838.17235,4618650.50192,847
869,433091.36231,4598608.76548,848
870,432005.03904,4597109.48031,849
871,425945.01514,4618580.38721,850
872,422966.05998,4616875.73643,851
873,432973.97297,4597047.87666,852
874,428366.09476,4596295.00166,853
875,424837.95256,4617455.15406,854
876,432925.635,4595095.78327,855
877,426042.66385,4617442.19038,856
878,428052.58426,4589522.67327,857
879,425036.43064,4616452.07451,858
880,445049.90972,4637978.84242,859
881,426243.1887,4616443.93429,860
882,451134.07083,4620309.9914,861
883,423141.36385,4615220.83358,862
884,425047.14772,4615254.52001,863
885,444036.45508,4599839.32079,864
886,434603.95108,4597020.47051,865
887,426243.64405,4615235.06863,866
888,437547.59031,4588683.86989,867
889,420666.9238,4614254.2332,868
890,457165.67183,4598219.14428,869
891,420374.17391,4612203.23886,870
892,421212.49013,4613358.23224,871
893,421782.80868,4612075.19875,872
894,422060.94913,4613728.5749,873
895,422532.17812,4612561.2773,874
896,423258.89292,4612496.93589,875
897,423961.52186,4612085.77598,876
898,423824.65435,4613981.16704,877
899,425415.69811,4613701.01896,878
900,426263.85215,4612970.56148,879
901,427247.88472,4612937.14716,880
902,427986.23498,4612994.60658,881
903,428819.49138,4612908.99682,882
904,426227.7319,4611995.27062,883
905,427237.91,4611950.91614,884
906,427973.51407,4611934.94306,885
907,428811.40685,4611917.16439,886
908,426284.62996,4611182.45329,887
909,427210.07677,4611136.93827,888
910,427966.9673,4611107.87662,889
911,428808.95946,4611007.74381,890
912,429601.16597,4611171.77309,891
913,430271.00179,4611162.3821,892
914,431351.84809,4613672.28968,893
915,431983.99364,4613703.86624,894
916,431392.76616,4612876.28493,895
917,431907.47123,4613138.76363,896
918,432669.01307,4613239.2119,897
919,432261.47242,4612483.10736,898
920,432132.15867,4611495.01966,899
921,433127.68186,4609664.2975,900
922,418278.17484,4609180.86109,901
923,417348.62467,4603929.7648,902
924,418856.86466,4600620.42857,903
925,420293.49292,4602563.91404,904
926,421648.69067,4604187.44565,905
927,426401.56143,4608747.54463,906
928,426405.92114,4607649.81881,907
929,424283.70234,4604895.26725,908
930,427327.06122,4605455.19355,909
931,428443.80217,4607786.5003,910
932,430020.44211,4607513.52034,911
933,429293.94553,4606776.85623,910
934,431443.73772,4607467.35915,913
935,433056.22276,4607447.15486,914
936,429422.86613,4605945.39594,915
937,430070.18538,4606435.85673,916
938,431491.50796,4606187.87037,917
939,433140.08088,4606196.41998,918
940,428997.73419,4605001.96438,919
941,429584.25956,4604966.30344,920
942,429414.5723,4604064.06217,921
943,430094.41704,4605146.01189,922
980,412959.32488,4633781.63714,0
981,414975.74696,4625948.89979,0
982,420456.14401,4600136.84475,0
983,427952.5187,4583002.75841,0
984,450608.87143,4585179.4595,0
985,460893.48698,4641578.17831,0
986,432687.84804,4650140.80909,0
987,427412.66363,4650296.78092,0
988,420891.13081,4650303.36127,0
1000,432684.80993,4649973.96895,725
1001,415103.83997,4625750.14071,790
1002,420456.32345,4600311.00218,903
1003,428019.12019,4583153.19066,857
1004,450641.37303,4585435.62624,869
1005,460711.51159,4641633.07052,859
1006,413347.20999,4641425.77137,56
1007,413550.15867,4638530.40383,664
1008,417024.71005,4635008.87071,95
1009,413329.8624,4641019.5407,56
1010,417729.60969,4634982.46942,95
1011,413596.83839,4641415.36872,56
1012,417964.41109,4626525.37128,717
1013,418539.31084,4618041.16914,524
1014,418570.41088,4622566.97006,803
1015,418797.5483,4634786.00134,677
1016,418969.51168,4641076.96993,65
1017,419248.03921,4626521.94981,791
1018,419342.23252,4615888.80355,832
1019,419744.19925,4633223.68815,694
1020,419837.53615,4618050.90966,841
1021,420944.35171,4645660.90221,12
1022,420950.20967,4647486.66988,2
1023,420952.51071,4643444.27121,16
1024,420987.61099,4641067.36839,62
1025,421009.61724,4632991.02569,695
1026,421013.27348,4632091.77431,708
1027,421010.63332,4635569.28514,677
1028,414455.80909,4641378.86067,646
1029,421643.21078,4606661.57058,623
1030,415331.10807,4641339.46084,658
1031,422182.81188,4610094.16845,596
1032,422233.41167,4607563.96916,619
1033,422456.0559,4630529.24812,713
1034,422690.0737,4626593.82876,718
1035,422784.78925,4621956.01247,371
1036,422994.63836,4628143.16807,719
1037,413258.68621,4639069.53328,664
1038,415517.36945,4637857.79152,666
1039,423401.51208,4640708.96967,64
1040,414154.17179,4636877.86993,668
1041,424206.01157,4637823.42091,679
1042,423884.91092,4610746.96861,598
1043,424180.20868,4647458.16922,23
1044,424189.1125,4644224.46953,41
1045,424204.21085,4621486.96821,371
1046,420990.89237,4640286.67679,65
1047,424218.16429,4630665.22524,713
1048,424224.03486,4619252.92988,847
1049,424235.47847,4628108.94601,719
1050,415924.25049,4635844.02512,673
1051,424238.45011,4626434.48098,267
1052,424278.88304,4616858.85505,854
1053,424147.91121,4606642.54649,620
1054,424735.44925,4627383.70041,261
1055,425018.70999,4632981.57057,91
1056,425647.66433,4621004.85414,319
1057,428519.46794,4620890.61768,349
1058,417799.12144,4637232.04583,671
1059,425812.21276,4632987.7708,92
1060,412884.92829,4641444.14076,50
1061,412849.50675,4640561.13812,653
1062,425940.50006,4628928.08735,785
1063,412754.21308,4639469.04989,652
1064,426248.31124,4619132.49018,435
1065,426484.88348,4614104.19505,878
1066,426643.34741,4616846.5644,435
1067,417772.25045,4635981.57553,676
1068,417379.26536,4634995.11642,98
1069,426773.03814,4610279.4466,562
1070,426908.36018,4607107.74954,907
1071,427055.99386,4627371.19957,785
1072,427067.60206,4628921.47824,781
1073,427163.35183,4632324.00314,777
1074,427659.74751,4619969.34801,404
1075,427411.0533,4647457.05502,30
1076,427686.03457,4620809.14537,377
1077,427822.11236,4608834.67024,583
1078,416600.95549,4635122.32244,97
1079,427837.31152,4609533.67021,578
1080,417008.60776,4634609.96192,98
1081,416830.85427,4633407.36623,690
1082,427874.41183,4610228.16856,563
1083,427966.91024,4616034.2702,531
1084,419148.04398,4634207.36793,694
1085,428284.36144,4608824.77673,578
1086,428205.66463,4628916.97852,786
1087,428195.63312,4632239.91555,777
1088,428310.56689,4614055.38977,546
1089,428336.61044,4610210.16933,563
1090,428463.56172,4616546.74693,438
1091,412132.74122,4641479.09557,651
1092,428412.37083,4617771.42331,432
1093,428473.52627,4619128.22717,407
1094,417033.44386,4630592.70547,711
1095,428516.13071,4620783.27165,349
1096,428545.41679,4621410.08327,348
1097,417564.70869,4628274.89134,717
1098,418193.97681,4625526.01319,791
1099,428582.5427,4622432.74255,322
1100,428606.28936,4623258.08095,297
1101,428637.59162,4627737.43439,786
1102,428646.94802,4624549.09295,275
1103,418564.70813,4620031.06103,512
1104,428664.82324,4625494.65748,264
1105,429028.51155,4647458.66937,25
1106,429020.91075,4644224.97105,46
1107,428980.11939,4622425.34378,323
1108,429021.69269,4623249.72103,298
1109,418599.50728,4617195.15997,528
1110,429031.04673,4619105.64625,416
1111,429036.22634,4619298.43729,416
1112,420242.01665,4614283.92869,836
1113,429063.51231,4614035.16905,538
1114,429063.39341,4616685.16918,446
1115,429061.76611,4617118.75546,438
1116,422684.37849,4611011.51455,595
1117,429099.35845,4619515.88709,416
1118,429146.57285,4617199.92174,434
1119,422417.4093,4610087.35962,596
1120,429230.31105,4609482.36946,580
1121,429254.90863,4619510.81777,416
1122,429260.41138,4610187.66805,565
1123,429262.66496,4619726.56188,406
1124,429325.64729,4620330.12461,379
1125,429332.69832,4620542.80845,379
1126,429339.78894,4620755.41221,351
1127,422198.08241,4610558.49522,596
1128,423175.40676,4610218.66003,597
1129,429357.02149,4621181.8408,352
1130,429373.71135,4614028.66822,539
1131,429366.42901,4621387.67744,352
1132,429394.8074,4622414.61385,298
1133,429408.57862,4622847.55298,299
1134,429420.44562,4623240.0059,298
1135,429432.43366,4624939.27501,274
1136,423523.60822,4610050.16121,605
1137,429461.57062,4625468.99222,274
1138,429491.43816,4632210.59778,131
1139,429762.47998,4622399.0297,324
1140,429836.90781,4623226.61147,284
1141,422131.20849,4608699.26081,611
1142,429885.19561,4609458.21305,572
1143,423021.9054,4608982.75574,613
1144,429936.48534,4617953.8059,444
1145,418454.25801,4605293.16979,624
1146,419778.36306,4601523.69543,904
1147,422118.40752,4607915.75955,618
1148,430115.6124,4602930.76946,627
1149,430140.09558,4620731.21835,357
1150,430207.91437,4627841.40307,200
1151,430152.98617,4621156.80836,354
1152,430168.48694,4621566.92532,325
1153,430246.32647,4628883.97962,184
1154,430210.44153,4622386.16226,302
1155,430234.84664,4623215.61379,284
1156,430258.6453,4624033.58836,279
1157,430315.98803,4619479.97941,412
1158,430323.45613,4619691.51756,413
1159,430340.91239,4620295.21068,382
1160,421280.47461,4622012.19577,809
1161,430418.93441,4622380.41946,302
1162,430355.31494,4620721.26849,359
1163,430367.39676,4621149.09196,356
1164,423374.74603,4647462.55696,28
1165,430430.67572,4621762.55789,327
1166,430428.69565,4605469.50027,917
1167,430552.82029,4590165.60199,857
1168,430519.33993,4618750.01332,458
1169,430520.62149,4618949.89202,458
1170,420949.00825,4646930.09598,7
1171,422166.43742,4647473.81511,2
1172,430533.43716,4619472.98238,414
1173,430539.0394,4617106.11504,474
1174,430535.5263,4616471.69758,490
1175,430541.60612,4619685.70817,414
1176,430557.74831,4620290.52831,383
1177,420941.30758,4644233.76116,15
1178,430567.04028,4617937.34901,460
1179,430572.91663,4620715.65418,359
1180,430578.1019,4615820.50903,490
1181,430586.76822,4621143.30239,358
1182,430591.6245,4621350.33216,360
1183,430597.60277,4621537.06805,331
1184,430606.07066,4621754.51316,331
1185,424987.67994,4647457.48291,23
1186,430615.42657,4622162.14035,328
1187,430621.95446,4622373.03281,330
1188,430632.50955,4613985.1689,551
1189,420198.27091,4632733.88396,694
1190,430637.67365,4614223.27164,542
1191,430636.36029,4623196.62897,285
1192,430646.31183,4608731.67092,587
1193,430654.61254,4609427.77092,582
1194,426601.98023,4647456.58477,30
1195,430655.61131,4611119.66886,558
1196,430656.63315,4610727.72135,558
1197,421790.06858,4632989.58787,695
1198,430659.55291,4624020.95292,242
1199,425801.35718,4645033.6407,36
1200,423168.22884,4643409.10382,42
1201,430691.33397,4625442.12792,223
1202,429176.90566,4636227.27521,758
1203,430705.41153,4626172.07052,222
1204,429170.33975,4635594.07435,762
1205,429055.35397,4637030.04034,757
1206,430743.23274,4627361.13814,200
1207,430745.88729,4619461.41917,420
1208,430755.38383,4619677.52686,398
1209,430753.08878,4627828.38056,186
1210,429047.76568,4639038.09488,750
1211,430772.33077,4628495.53947,186
1212,430840.07334,4622364.62591,330
1213,429053.53235,4638447.00972,750
1214,430778.266,4620282.00288,398
1215,429051.31563,4639641.66805,747
1216,430781.71069,4628871.86825,183
1217,430790.53988,4620709.26106,362
1218,429871.50721,4641699.76136,737
1219,430803.36278,4621134.73972,360
1220,430822.81066,4630566.26859,164
1221,428214.23725,4641806.60987,49
1222,430841.11292,4631263.66882,162
1223,430861.81024,4631961.36984,146
1224,430868.51053,4632191.06856,138
1225,430950.5436,4633752.49689,769
1226,430953.72427,4618958.11781,447
1227,430969.04087,4599815.82187,827
1228,430990.63278,4620276.74146,398
1229,432541.53705,4643433.8914,733
1230,431017.13997,4621126.54058,363
1231,431021.00145,4621339.14735,331
1232,431033.25154,4621761.36021,332
1233,431052.18597,4622363.17524,332
1234,432469.91096,4641284.03481,112
1235,432066.22696,4641529.00226,104
1236,432452.76978,4640613.33228,118
1237,431080.52564,4623179.03245,305
1238,432413.51357,4638918.10813,753
1239,431104.07043,4620275.79137,398
1240,429986.4078,4632936.56051,126
1241,431110.71009,4624003.07137,254
1242,429173.63851,4634348.80272,767
1243,431093.43057,4625439.57848,223
1244,431296.78086,4628049.10796,195
1245,424591.5626,4631994.36603,92
1246,425818.54696,4637450.89756,77
1247,425821.71515,4636419.27017,81
1248,424245.46827,4632977.07066,709
1249,431200.64935,4620693.54681,364
1250,431108.53037,4627813.74333,202
1251,431232.34787,4621121.85262,363
1252,431254.95333,4621756.95484,332
1253,431295.35075,4621331.58666,333
1254,431293.11036,4618965.57072,452
1255,431304.74565,4619660.49518,400
1256,431313.21139,4619176.96857,448
1257,424224.39243,4628944.91434,720
1258,431332.91102,4619546.26954,448
1259,431381.03491,4630560.32433,167
1260,431388.43884,4619657.54487,400
1261,431415.42391,4620509.88793,386
1262,431409.74712,4620265.74239,400
1263,431460.11092,4623994.07024,254
1264,431459.51119,4615134.87051,497
1265,427937.67299,4616841.56123,0
1266,431479.03377,4615805.59763,494
1267,431478.67898,4620684.22081,386
1268,423051.90036,4628953.71889,712
1269,424217.69345,4624447.20268,268
1270,431522.21003,4617067.06827,471
1271,431532.57065,4625430.75166,225
1272,428620.3327,4623673.01881,281
1273,431546.61087,4617904.57034,469
1274,428660.51534,4625216.80415,273
1275,427257.72448,4620820.07781,376
1276,428140.9925,4620372.9501,377
1277,428125.11295,4619543.43737,405
1278,431758.31104,4617898.57001,472
1279,431771.10956,4618476.0709,461
1280,428091.80501,4618739.2097,423
1281,431786.91086,4618948.36785,452
1282,431795.41246,4619165.36985,450
1283,428063.49995,4618044.53461,432
1284,428439.3113,4618035.69826,433
1285,428023.98334,4617236.56787,436
1286,426644.23654,4617706.17768,435
1287,431863.97412,4621053.32555,370
1288,430908.89173,4633246.32112,127
1289,431865.28359,4621100.55723,365
1290,429294.73687,4611174.28639,891
1291,431872.88929,4621312.33937,367
1292,431874.28345,4620870.18416,389
1293,431882.87754,4621553.55761,339
1294,431890.50444,4621740.36371,334
1295,429860.73679,4605124.47824,922
1296,431901.43667,4622161.257,334
1297,431907.0423,4622331.35989,310
1298,431910.83927,4623167.11757,289
1299,429830.75863,4604051.83579,921
1300,431935.3103,4627792.47012,203
1301,431941.51143,4624002.56863,244
1302,430163.67036,4604232.17836,802
1303,431978.9117,4625422.57078,237
1304,432046.88315,4622335.61088,310
1305,432130.51,4616816.06758,477
1306,429809.84265,4603346.76525,626
1307,432207.36456,4597784.20121,852
1308,432153.52595,4597129.74333,852
1309,432179.51198,4617885.06974,466
1310,432203.93239,4620237.64231,391
1311,432306.81052,4621728.10257,340
1312,432331.67765,4622354.33481,311
1313,430775.72208,4600987.76439,635
1314,432343.36889,4623152.85979,289
1315,430083.40677,4603403.26145,627
1316,432360.61149,4623987.06956,247
1317,432397.31971,4621013.4264,370
1318,432392.51152,4617876.56838,466
1319,432400.62663,4625122.03839,238
1320,432400.7069,4618084.17924,465
1321,432407.71084,4625423.06907,228
1322,432353.91093,4627781.16988,205
1323,432428.01034,4626119.06845,228
1324,432468.81313,4627329.35227,205
1325,432461.71169,4630548.77,168
1326,432456.6199,4626972.67359,214
1327,433270.84529,4629979.53839,788
1328,432466.69352,4620442.61547,389
1329,431051.75968,4626531.75882,210
1330,432479.91197,4641511.37006,112
1331,431051.87382,4625134.21162,234
1332,432554.41528,4643820.2972,732
1333,432589.91236,4644797.07086,733
1334,432607.75116,4618081.54111,467
1335,432618.00836,4608994.56782,589
1336,433143.78432,4625098.44604,238
1337,432648.74116,4621256.24789,368
1338,432645.51047,4646633.56976,729
1339,432657.31096,4647436.57109,730
1340,432664.80466,4622347.2788,340
1341,425837.26194,4626449.64458,261
1342,432692.61254,4616361.06949,481
1343,427625.65676,4622195.89855,321
1344,428158.86354,4621336.8887,348
1345,432744.0512,4628818.99759,199
1346,432742.20953,4627318.35861,215
1347,432758.37405,4620095.14216,391
1348,432943.08804,4621709.35643,340
1349,427673.10327,4620384.50246,377
1350,427644.87472,4619567.68046,404
1351,433122.09824,4622331.63669,312
1352,433125.48062,4621703.7399,342
1353,433123.91348,4622670.53302,314
1354,433123.16444,4622256.51501,340
1355,433126.11799,4621508.70149,370
1356,433140.77507,4623126.51407,311
1357,433130.01076,4623863.06883,258
1358,433134.31087,4626508.06898,229
1359,433132.91086,4626140.06988,228
1360,433141.42616,4627313.18082,216
1361,427625.54911,4618982.07194,423
1362,433137.94261,4627082.13192,215
1363,427609.62055,4618519.81926,423
1364,426644.9394,4616039.41261,441
1365,433472.72695,4623265.45013,313
1366,433532.52582,4627310.26115,216
1367,430557.34846,4618199.64475,443
1368,433744.821,4621638.8341,369
1369,433745.24416,4621677.49408,345
1370,433754.56858,4622262.84822,343
1371,430923.97129,4617690.05334,469
1372,433941.48613,4623261.95945,292
1373,433943.19473,4627323.13591,207
1374,433949.9457,4626071.43653,230
1375,433954.71092,4626507.06929,229
1376,434537.59896,4621543.21302,390
1377,441073.81007,4609065.17071,864
1378,446649.22718,4625705.51365,859
1379,430938.97836,4617303.14002,470
1380,431026.41555,4616882.69232,475
1381,451386.21012,4633954.06987,861
1382,451486.7968,4597675.36341,869
1383,453434.41142,4642278.56952,859
1384,455933.50855,4645776.50596,859
1385,412921.51882,4642289.03847,51
1386,413384.57494,4642284.64893,643
1387,421083.08734,4606016.12444,623
1388,413403.04111,4642710.38861,646
1389,429203.11051,4608779.17018,586
1390,414579.94397,4642703.42641,648
1391,425801.01208,4610303.06995,601
1392,428309.99073,4609516.95637,569
1393,430172.91074,4610159.16687,573
1394,429241.28209,4609711.6908,571
1395,428300.5036,4612403.17283,882
1396,429325.72308,4612382.67623,552
1397,430621.51312,4612348.93484,558
1398,430656.91021,4611387.1692,558
1399,416175.13508,4642698.99978,648
1400,428307.02672,4611455.39107,890
1401,430606.01027,4615197.27105,541
1402,427349.51144,4615229.06776,531
1403,429060.11556,4615215.35205,532
1404,429060.60021,4616029.69035,531
1405,429028.37824,4617397.00347,438
1406,428413.03454,4617234.4133,437
1407,428443.66016,4618312.52295,432
1408,429052.1413,4618293.14966,426
1409,430427.72585,4618506.63168,443
1410,429912.07864,4618537.67777,429
1411,429885.97743,4619491.94954,411
1412,431765.53432,4618275.1992,463
1413,431761.61278,4618108.07057,462
1414,430551.52601,4618496.40669,458
1415,431515.11007,4616830.0696,476
1416,429311.72537,4619919.53788,378
1417,428492.21527,4619945.51978,405
1418,432554.62848,4617013.00832,482
1419,417802.40518,4637847.12551,667
1420,414016.41171,4637868.2695,665
1421,430383.79794,4621547.38446,327
1422,429375.59664,4621584.48567,350
1423,428558.76049,4621608.98397,348
1424,429442.99588,4624064.62065,276
1425,433128.17116,4624079.66649,249
1426,433945.20992,4624080.07005,258
1427,413772.77355,4643504.75658,645
1428,433127.03218,4624757.65892,248
1429,432384.57568,4624782.07617,237
1430,431970.6927,4624797.10686,237
1431,430678.07458,4624848.49988,234
1432,432742.07466,4627774.22707,206
1433,430792.97657,4629319.60717,179
1434,432745.0223,4629268.85754,182
1435,430802.23302,4629691.71351,179
1436,428203.37756,4629741.03601,780
1437,414185.3175,4644320.85125,640
1438,429074.45555,4631376.46267,159
1439,429024.42419,4629719.49888,172
1440,427346.02343,4629777.91634,780
1441,425938.39703,4629657.25119,781
1442,429048.82708,4630553.03854,159
1443,431907.52318,4631218.60914,155
1444,431315.44195,4631248.60263,147
1445,431917.67677,4631951.68962,150
1446,414571.65876,4644324.96797,640
1447,431536.63081,4631944.56681,148
1448,431333.96872,4631948.06973,140
1449,430847.53082,4631494.07437,146
1450,432034.64785,4630554.06262,168
1451,430385.72467,4631511.00276,145
1452,431138.5301,4634985.16718,770
1453,414582.80331,4650091.59518,640
1454,412869.40179,4641058.63315,54
1455,412903.61801,4641884.69603,50
1456,430405.60621,4632203.79421,138
1457,429941.47368,4632215.88944,137
1458,429945.7122,4632444.47465,137
1459,429953.09546,4632688.90747,132
1460,430417.58412,4632673.92186,132
1461,430411.50659,4632434.02872,138
1462,430876.04981,4632422.95913,139
1463,430882.07511,4632659.07755,134
1464,425794.24057,4647457.71857,23
1465,425817.00872,4641825.76902,43
1466,429016.1102,4641807.27026,49
1467,425809.0108,4644238.47087,36
1468,430090.22334,4634996.98445,762
1469,431437.07231,4614358.02766,503
1470,431668.0887,4614351.27035,503
1471,431770.52096,4612122.82363,899
1472,431352.71208,4632644.3154,135
1473,430991.98591,4620312.44205,386
1474,414896.83746,4636921.48988,668
1475,431777.92204,4620888.65081,366
1476,431644.8365,4620785.42136,364
1477,431647.66399,4620892.08439,364
1478,431656.14017,4621106.73216,365
1479,431005.05995,4620701.92994,364
1480,431217.11019,4620489.92436,385
1481,430996.57056,4620487.16843,384
1482,429926.402,4619091.93435,418
1483,430524.52326,4619161.15637,419
1484,430305.10395,4619111.89327,418
1485,430376.1739,4621353.87488,356
1486,428592.99098,4622841.85327,297
1487,425766.53134,4606704.15676,909
1488,431067.3115,4622823.88219,304
1489,425921.99989,4627365.91492,262
1490,413282.14306,4639935.95019,653
1491,414681.20914,4641367.96245,656
1492,418008.81247,4641081.46877,650
1493,417802.31953,4638657.66204,666
1494,414579.14446,4647027.0941,640
1495,430622.55468,4613602.48365,551
1496,416180.80994,4641300.87092,660
1497,416466.30969,4632185.86984,703
1498,419583.39587,4634996.08911,694
1499,414576.59774,4643518.48398,645
1500,432672.96391,4648747.37483,725
1501,425819.805,4637029.45748,81
1502,431132.59086,4647458.28527,33
1503,425801.73501,4645853.11616,30
1504,427407.51216,4644229.46979,44
1505,429019.26767,4645043.39196,38
1506,414486.21297,4642136.39624,646
1507,430364.83201,4644193.96376,46
1508,432630.91114,4645545.06937,730
1509,420967.1103,4642660.96972,62
1510,420175.21225,4641070.86987,61
1511,424193.81223,4643414.26879,41
1512,421791.01142,4641063.26841,62
1513,425811.66815,4643436.47899,43
1514,426644.83481,4641820.89781,44
1515,429017.9031,4642597.809,46
1516,432511.53647,4642468.74697,739
1517,413370.45914,4641959.18153,51
1518,431502.26313,4643877.20614,732
1519,418982.31995,4640649.1393,661
1520,421087.90942,4639446.37016,66
1521,423417.6104,4639447.97141,69
1522,424280.7111,4640726.56868,64
1523,432439.90972,4640174.26886,118
1524,431247.5105,4641554.96929,737
1525,432406.62841,4638503.05328,755
1526,416984.97021,4637849.09845,671
1527,416181.28975,4644313.7268,649
1528,412960.23698,4644319.44445,644
1529,412954.02648,4649197.55392,639
1530,414180.09535,4642705.22325,646
1531,417223.41159,4629760.56984,711
1532,413803.72041,4650085.65649,639
1533,421834.83733,4626580.20567,266
1534,422733.1871,4627707.37927,718
1535,425638.8635,4634608.32358,86
1536,425820.63049,4637840.37472,75
1537,425823.3116,4635667.46838,84
1538,425815.33142,4632187.6715,93
1539,412945.26253,4647654.6754,640
1540,425939.45917,4629288.94054,715
1541,418517.01094,4624107.271,793
1542,415919.31055,4624294.87049,797
1543,417770.95432,4622831.45025,797
1544,419389.86082,4622300.07782,794
1545,418574.01123,4621689.37009,801
1546,417701.18929,4634278.92272,98
1547,418564.88977,4618916.87301,516
1548,419858.48035,4618881.50314,518
1549,419000.78824,4618024.52152,524
1550,418518.81122,4617581.16909,525
1551,418944.21125,4616588.76857,530
1552,424229.50111,4625778.3987,266
1553,424212.42475,4623121.74807,371
1554,423411.46395,4619257.49184,810
1555,425841.39909,4616847.35188,856
1556,431813.97562,4636742.061,759
1557,429977.69064,4633604.99453,775
1558,430995.49928,4634156.33185,770
1559,425779.19185,4649555.52391,19
1560,417683.46428,4633802.92403,691
1561,417650.17837,4632993.28128,704
1562,416778.15236,4633000.73992,704
1563,417666.69961,4633403.13303,690
1564,418559.58029,4634194.53654,101
1565,418515.56806,4632987.21541,704
1566,420324.98097,4632995.8894,694
1567,430392.40847,4631743.90923,144
1568,430154.51956,4631518.25972,144
1569,418545.86711,4633790.40605,692
1570,428145.21991,4616034.15048,0
1571,428259.20524,4616348.71568,0
1572,431327.80519,4631715.37286,146
1573,428255.26922,4616034.07677,0
1574,431913.35584,4631639.7295,150
1575,431542.04144,4631235.6089,167
1576,432107.43344,4631210.43492,155
1577,425821.15293,4631219.42414,779
1578,427393.01506,4630600.12101,780
1579,428246.52669,4631406.06916,777
1580,429498.56907,4631460.53327,141
1581,429472.41085,4630537.07071,160
1582,430295.08128,4630520.65658,164
1583,433901.903,4647419.99057,730
1584,430266.47891,4629700.08628,173
1585,430834.91098,4631037.16926,165
1586,431905.98216,4630961.46229,168
1587,432460.70199,4630960.61402,169
1588,430813.58677,4630160.26435,175
1589,432198.10964,4629278.57971,190
1590,421013.04684,4634479.23723,695
1591,434773.09932,4647414.86335,728
1592,432734.77853,4629787.3998,181
1593,429005.97572,4628905.47743,783
1594,432945.97,4641501.56429,105
1595,415405.89947,4644316.37687,647
1596,415387.59059,4642707.4578,647
1597,423325.51562,4634593.62471,683
1598,432743.31065,4628449.06927,198
1599,427388.9032,4626170.60557,264
1600,424224.94948,4634592.36159,683
1601,430296.9107,4625453.36138,220
1602,430693.21294,4625690.57073,221
1603,432037.70696,4627346.22925,214
1604,424997.15247,4634600.93567,698
1605,424714.96191,4637830.19466,75
1606,433646.79878,4626511.07025,229
1607,428266.85761,4632237.96925,778
1608,431147.33938,4624818.98105,235
1609,430686.91158,4625244.20521,234
1610,428282.77381,4633068.38099,776
1611,431976.18586,4625039.97963,236
1612,432183.88376,4624789.36452,237
1613,433254.46944,4625241.58058,238
1614,433948.97966,4625285.85752,240
1615,430671.06218,4624489.99846,242
1616,430904.51132,4624011.56915,242
1617,431576.07219,4624801.0956,236
1618,431955.33212,4624351.14669,245
1619,432375.6236,4624484.01617,245
1620,433127.50761,4624474.59734,249
1621,432791.72187,4624059.17081,247
1622,433517.55788,4624077.65562,258
1623,433946.26901,4624472.95426,248
1624,430647.62303,4623616.22457,253
1625,431093.21203,4623591.56908,254
1626,432346.41033,4623541.67099,257
1627,431923.19897,4623538.80431,255
1628,429110.0063,4633044.83901,774
1629,433943.39378,4623681.09718,259
1630,429861.47014,4624050.0021,277
1631,430246.52126,4623626.64429,285
1632,430217.35749,4622797.75524,300
1633,430628.09743,4622840.26507,304
1634,431898.46179,4622816.99045,307
1635,431492.92762,4623177.47355,305
1636,431687.19624,4622334.7087,308
1637,432335.6729,4622814.43356,309
1638,432863.46443,4623133.88428,311
1639,427578.27235,4633097.68498,772
1640,427552.67727,4633826.8191,773
1641,433573.2477,4622261.09498,317
1642,433646.2292,4641481.29339,108
1643,433941.63571,4622779.87758,318
1644,428569.46007,4622046.44523,322
1645,424693.85313,4635665.49832,681
1646,429385.50131,4621803.15978,323
1647,429742.56043,4621575.43809,354
1648,430194.91744,4621920.73278,327
1649,431546.40571,4636194.73332,764
1650,430610.18801,4621946.45408,330
1651,431039.02132,4621937.42046,332
1652,430827.80498,4621767.57397,330
1653,431469.15425,4622347.61649,306
1654,431042.149,4622087.887,332
1655,431896.272,4621950.59736,334
1656,431682.33769,4621745.5826,334
1657,432323.46962,4622147.58145,337
1658,432313.00206,4621940.29321,340
1659,433123.66251,4621945.7109,340
1660,433527.87057,4621686.02192,344
1661,433752.66505,4622054.57048,345
1662,428975.44668,4621596.20953,350
1663,428832.29553,4620772.07552,351
1664,430159.81679,4621363.16154,356
1665,429728.84865,4621168.76666,352
1666,427722.51167,4636230.11146,757
1667,431027.19976,4621552.78022,333
1668,430812.82373,4621345.5142,331
1669,431661.19481,4621319.99452,335
1670,432091.95211,4621519.2233,368
1671,429347.69383,4620968.53768,351
1672,429715.21515,4620742.22732,355
1673,430361.10055,4620934.64322,359
1674,416182.15154,4643488.62056,649
1675,430578.61765,4620928.45651,361
1676,430796.20272,4620920.02408,362
1677,431011.08047,4620913.55153,364
1678,433494.53941,4621278.047,390
1679,429318.3595,4620115.19357,392
1680,429700.3532,4620316.65719,379
1681,430348.78587,4620509.65909,381
1682,430127.85487,4620304.69602,381
1683,430565.55764,4620499.12856,383
1684,430784.26952,4620494.49889,383
1685,431634.43647,4620682.10094,386
1686,431624.00284,4620257.50688,400
1687,431986.52498,4620245.17909,389
1688,431994.65625,4620896.99538,389
1689,433117.86842,4621202.92961,390
1690,432401.99811,4620922.14184,389
1691,432762.83135,4621121.66509,390
1692,428762.3468,4619936.95538,406
1693,428485.92673,4619711.51171,406
1694,427474.19107,4634658.64407,760
1695,428762.66183,4619115.74302,424
1696,428477.38352,4619253.56398,405
1697,429462.73687,4619503.47213,410
1698,416180.65165,4641983.42717,648
1699,429668.31952,4619496.56802,417
1700,429470.44938,4619717.64137,411
1701,429893.69685,4619704.61211,411
1702,429680.6863,4619712.05025,409
1703,430086.43799,4619486.00398,412
1704,430330.62249,4619892.00688,396
1705,430546.91995,4619884.64944,396
1706,430764.45731,4619876.47913,398
1707,430967.45373,4619670.11696,398
1708,422119.82627,4639446.06269,67
1709,427416.71794,4641812.43708,49
1710,431403.73593,4620057.89312,400
1711,431304.87381,4620269.47808,399
1712,428256.90908,4616165.16609,0
1713,432571.24554,4620104.34545,391
1714,427408.67449,4645846.56157,31
1715,428460.81287,4618746.6473,424
1716,428669.79585,4618305.32301,425
1717,429055.313,4618389.10259,425
1718,434282.73889,4641466.6377,109
1719,429914.40763,4618698.08774,428
1720,429779.88623,4618485.74663,428
1721,429506.1363,4618375.12819,428
1722,427415.29922,4648276.76571,25
1723,430092.14954,4618594.51989,434
1724,427631.32019,4619149.53177,421
1725,430624.27526,4645150.52938,40
1726,426800.08763,4619172.5266,404
1727,430228.19457,4618541.54413,430
1728,429321.4846,4617365.89503,444
1729,428414.75475,4616841.49205,438
1730,428584.99314,4617240.44131,438
1731,428868.69902,4616933.2048,438
1732,430630.53287,4645838.53834,39
1733,430637.21167,4647455.96615,32
1734,432633.21132,4619397.56817,451
1735,433627.56669,4641024.97553,119
1736,424175.4401,4649100.06284,18
1737,431782.27968,4618738.12127,454
1738,425788.49995,4649088.68041,24
1739,432192.34799,4618091.96828,466
1740,429607.46006,4617639.33256,434
1741,430191.02556,4617942.44476,444
1742,430010.60882,4617125.94234,444
1743,430553.18925,4617522.78646,444
1744,431534.61096,4617482.57017,472
1745,430934.31023,4617092.06934,470
1746,432160.51209,4617461.57076,472
1747,431917.61244,4616829.06983,477
1748,427411.4253,4649076.84121,25
1749,432287.23466,4616333.01586,481
1750,432588.61012,4617644.56931,482
1751,429060.28797,4615505.26162,531
1752,428248.82924,4615225.20149,531
1753,414032.45762,4641396.99586,656
1754,424178.6808,4650021.65045,18
1755,429904.11127,4615206.0712,534
1756,426967.21385,4614722.93556,535
1757,429062.53861,4614641.06601,539
1758,429419.49766,4615206.55644,539
1759,425824.35032,4636236.60701,84
1760,430624.70288,4614618.42971,543
1761,431209.68648,4614364.23613,502
1762,431500.20991,4616435.57077,478
1763,427413.38467,4649988.96738,20
1764,431950.7099,4615626.56823,494
1765,433521.31327,4640557.89289,120
1766,432710.97086,4615600.03161,485
1767,429359.11283,4613468.66037,548
1768,430193.01168,4614001.77069,549
1769,430094.41205,4612348.56989,557
1770,430607.73164,4613082.94676,551
1771,433515.09231,4640151.56071,120
1772,431618.02851,4613422.39323,896
1773,427697.76722,4614066.37611,546
1774,425821.13054,4613230.49529,878
1775,429319.32505,4611842.99936,556
1776,433504.40755,4639637.91165,765
1777,427410.39556,4649525.31051,20
1778,424060.6221,4610990.45788,600
1779,413749.63818,4640497.41159,655
1780,429278.72056,4610593.21945,565
1781,428799.11121,4610198.66854,564
1782,430272.88315,4610523.47169,566
1783,432911.84875,4640572.97518,120
1784,432867.24687,4640159.20078,124
1785,429832.30848,4649063.81928,21
1786,428776.83057,4609499.41177,579
1787,429836.14248,4647457.20579,27
1788,432926.07547,4641036.76537,118
1789,429935.40698,4609687.23133,571
1790,430654.89736,4610003.46562,573
1791,424182.80365,4648279.91005,23
1792,427829.21128,4609293.66959,577
1793,429212.19393,4609014.00074,580
1794,428740.01111,4608803.66822,579
1795,429925.2923,4608756.7442,586
1796,430647.93822,4608963.48198,581
1797,431368.91054,4609509.06753,574
1798,425784.78762,4608760.94683,906
1799,429188.71096,4608551.87,584
1800,425792.87599,4648271.31765,24
1801,429418.64977,4607624.85303,585
1802,430613.90204,4606690.32956,916
1803,430633.32603,4607895.40454,913
1804,426593.62688,4649084.35202,19
1805,424976.00733,4649095.67087,18
1806,421045.68195,4612847.57688,871
1807,422217.00968,4611026.96914,596
1808,429026.00335,4649068.29195,26
1809,424306.96802,4610629.52162,601
1810,422158.01323,4609400.4684,609
1811,423299.31123,4609583.37009,612
1812,428220.33431,4649072.28921,25
1813,429024.7744,4645841.29927,39
1814,422675.81198,4608285.1689,612
1815,422499.99596,4606594.16951,905
1816,423329.01817,4606593.98056,620
1817,424176.5272,4645841.9608,29
1818,429402.44768,4606691.43149,916
1819,425773.35198,4650011.20538,19
1820,429849.19192,4604696.05981,802
1821,430224.91451,4604679.58803,804
1822,430778.01217,4601510.77019,633
1823,430101.81051,4602230.86844,629
1824,430786.94842,4600515.73225,828
1825,432614.57321,4618778.90295,455
1826,429065.67066,4618695.52368,425
1827,428524.39875,4616033.89707,446
1828,427772.33383,4615783.77057,531
1829,425281.56519,4627378.48726,724
1830,429587.59019,4617120.98292,445
1831,428504.25064,4620367.81991,378
1832,428295.87622,4613231.09923,881
1833,423014.19966,4632985.07237,709
1834,431335.78015,4629303.75787,187
1835,429432.53138,4623652.29219,282
1836,431087.46178,4618343.7754,460
1837,431015.52048,4615817.78577,492
1838,430715.66029,4626537.11525,210
1839,431187.84118,4626530.92029,212
1840,432446.03853,4626468.77387,217
1841,430297.52829,4617944.7591,443
1842,430169.23906,4618181.8275,434
1843,432464.65578,4641044.5352,118
1844,429167.1381,4633841.44419,766
1845,428254.29441,4615750.89961,0
1846,428334.67274,4615710.44344,0
1847,428395.81452,4615656.27537,0
1848,418531.50523,4633390.42682,692
1849,416997.8938,4634309.12053,98
1850,412533.72278,4641458.87324,50
1851,433667.49522,4642186.41329,108
1852,433015.07979,4642197.88326,107
1853,432962.54313,4641983.44454,105
1854,433100.56088,4643436.45852,106
1855,431133.62388,4638541.93809,751
1856,431449.13457,4640196.64771,749
1857,431696.19918,4641542.75778,737
1858,432062.63395,4641058.06804,116
1859,432032.3073,4640186.31516,117
1860,432005.36599,4639355.5048,122
1861,432003.47488,4639285.86677,753
1862,431279.02518,4639314.32771,748
1863,431609.15821,4641067.11783,116
1864,431987.9641,4638515.98123,753
1865,432425.06949,4639347.61846,755
1866,430685.9194,4636206.43773,758
1867,432362.77871,4643818.92462,737
1868,432466.86765,4631192.59698,168
1869,433096.44784,4631165.02069,158
1870,433116.31171,4631848.008,156
1871,433089.98692,4632146.81002,153
1872,415319.47232,4635430.26323,686
1873,432961.1609,4632631.38258,153
1874,432760.95164,4632520.30513,151
1875,416187.77384,4634618.64419,688
1876,416566.61494,4634411.76326,97
1877,432238.74632,4632373.69864,151
1878,415821.99897,4634409.60391,688
1879,416784.62574,4635019.19896,94
1880,416748.9605,4633813.77525,689
1881,431857.1118,4631951.87501,149
1882,432316.78978,4633771.5713,130
1883,432321.62293,4632961.75955,136
1884,431908.85903,4632779.06089,129
1885,431567.81335,4632865.84218,135
1886,430886.63995,4632894.70474,134
1887,431359.0304,4632879.07643,134
1888,418558.40091,4618506.41709,515
1889,422042.89753,4631264.45053,710
1890,417740.12689,4635211.61983,96
1891,418313.93071,4618469.40073,523
1892,416269.76125,4618475.08065,814
1893,417750.92711,4618466.28711,514
1894,417751.3709,4619679.30096,514
1895,417762.76321,4620485.6891,800
1896,416969.587,4620477.01025,805
1897,430601.8865,4615388.06545,534
1898,418564.46259,4619674.53536,513
1899,418562.52467,4620481.00033,801
1900,416164.51117,4621690.64717,796
1901,417769.97881,4621688.46015,801
1902,417717.1406,4634611.96459,99
1903,416158.61384,4620685.44616,799
1904,418803.55132,4616840.55049,529
1905,418143.64447,4616837.31863,824
1906,418141.48424,4616468.36136,826
1907,417351.45416,4634293.69816,98
1908,417365.72425,4616068.45487,814
1909,421892.21257,4611199.06178,870
1910,421785.47443,4611203.4237,593
1911,421774.40123,4610576.23231,591
1912,421759.94399,4609876.60821,609
1913,422174.81613,4609860.34105,603
1914,421000.14888,4611214.53087,870
1915,420018.78821,4611213.40072,870
1916,421320.66709,4608265.85074,615
1917,422115.40457,4608238.70063,618
1918,421336.39712,4609197.45759,608
1919,422150.1633,4609169.29812,610
1920,424706.2585,4611803.47371,600
1921,426809.56524,4611506.34718,888
1922,433354.08298,4615633.70401,486
1923,416948.18279,4634008.13081,100
1924,433311.43453,4616089.89546,484
1925,418156.86877,4634967.56623,96
1926,433342.24638,4616399.89632,481
1927,418129.71379,4634257.38054,99
1928,432707.71921,4615136.52937,499
1929,418525.6473,4634561.83886,99
1930,432738.34908,4614964.8773,486
1931,417692.03541,4634009.2246,101
1932,432702.05406,4614770.89328,499
1933,432701.13432,4614119.8474,505
1934,431897.29768,4614156.89784,509
1935,431662.34928,4614159.3117,509
1936,431903.10284,4614530.08895,504
1937,431910.20483,4614933.08393,505
1938,431907.84921,4615316.33736,497
1939,421011.01555,4634234.51175,695
1940,431626.64945,4612835.42506,899
1941,432199.05925,4612822.80814,896
1942,431618.91636,4613453.41166,896
1943,432233.99023,4613432.07338,894
1944,428662.05925,4615220.18376,0
1945,425836.88557,4614431.04943,863
1946,424657.00437,4614437.94246,863
1947,425846.37122,4616054.49164,860
1948,427467.96317,4632262.21054,777
1949,427413.56835,4631191.63576,779
1950,427301.31829,4628921.23963,781
1951,427204.95135,4626326.69487,263
1952,427263.70199,4627366.02483,263
1953,427432.27814,4616037.18216,441
1954,425789.471,4607069.66777,621
1955,424231.74763,4616055.05817,851
1956,425798.19852,4609721.80589,0
1957,422253.44704,4616066.62644,862
1958,426641.49812,4614301.05385,535
1959,429818.76513,4603610.06067,626
1960,430108.58798,4619698.46748,412
1961,429393.05619,4603623.40666,625
1962,427440.76553,4631726.9234,777
1963,430280.77996,4630110.37157,173
1964,430256.40255,4629292.03309,178
1965,430227.12018,4628362.69155,184
1966,430207.277,4626950.16518,209
1967,430310.28335,4626540.37229,209
1968,427323.67071,4629349.57814,781
1969,427269.31211,4628143.92475,785
1970,427257.00204,4626863.59987,263
1971,430815.4127,4602679.92645,629
1972,430960.92236,4619379.66077,447
1973,430965.67005,4619577.619,415
1974,430115.43676,4602686.81105,628
1975,430799.46742,4601977.34259,633
1976,431381.87333,4601953.90502,834
1977,431403.56714,4603002.70503,833
1978,427717.8583,4621518.03743,347
1979,431057.84318,4603002.07666,813
1980,431047.62656,4602672.26665,630
1981,432845.16644,4626496.89589,217
1982,432006.54666,4626500.59314,218
1983,431810.32737,4602999.55298,815
1984,431808.91086,4604212.08992,808
1985,419007.99243,4647529.65098,4
1986,421008.18815,4632382.49591,708
1987,431363.70358,4629987.86272,177
1988,419045.35759,4646314.58291,650
1989,430820.31432,4621556.5441,331
1990,429038.1092,4617844.94792,433
1991,414127.70992,4637749.46965,670
1992,413111.50999,4633734.03423,685
1993,429023.84433,4649972.72946,21
1994,419575.65672,4647510.67403,6
1995,428236.77352,4625598.65458,264
1996,419185.48099,4645109.20478,14
1997,429098.11842,4632218.85177,776
1998,428139.93321,4619961.76496,377
1999,428144.70634,4620792.9778,377
2000,428109.14559,4619138.53313,405
2001,433110.90017,4630545.02865,170
2002,433258.31218,4625406.56819,239
2003,428185.94494,4623268.85286,296
2004,428159.87966,4622446.03836,296
2005,432696.94882,4630545.44957,181
2006,430834.75945,4619073.02585,447
2007,430844.40706,4618941.92167,453
2008,430927.53474,4618358.67713,460
2009,431019.0287,4617923.59421,460
2010,427907.68644,4620794.51995,377
2011,428156.46866,4620968.98707,348
2012,428524.36265,4621096.92983,348
2013,430954.89431,4618646.42207,458
2014,431017.33802,4618138.02698,460
2015,427871.28338,4610122.23968,0
2016,428198.09382,4623680.94894,280
2017,432601.64496,4617873.35216,466
2018,431128.89583,4624408.15797,243
2019,430980.24921,4620004.99248,398
2020,428975.08567,4621078.09796,350
2021,427442.49882,4617687.34633,432
2022,427075.72109,4615475.96314,441
2023,423063.57739,4610915.1918,597
2024,431224.57788,4615092.55804,492
2025,431028.61874,4616449.17721,479
2026,430337.59013,4618969.64196,429
2027,428246.15102,4614641.49238,538
2028,428306.35124,4611929.29263,886
2029,431403.84133,4598270.90908,846
2030,432162.06285,4598187.93598,846
2031,429174.24068,4608099.13851,586
2032,420498.77578,4647493.01124,7
2033,429397.39591,4606295.8676,916
2034,429892.16847,4606262.04638,916
2035,428331.87571,4610093.30957,0
2036,452675.5121,4605703.76895,864
2037,419429.52661,4638651.60899,661
2038,429031.67834,4648261.07925,26
2039,429038.91633,4640525.23141,741
2040,429061.3378,4636227.95428,757
2041,429168.67279,4633475.31528,774
2042,429105.40313,4632625.3932,776
2043,429076.05244,4631797.70097,778
2044,429015.19982,4629312.48829,783
2045,428821.78356,4628321.45632,786
2046,428215.9018,4624440.64321,272
2047,428173.97224,4622890.90979,296
2048,428150.6946,4621954.8497,322
2049,428041.92817,4617671.56948,436
2050,433390.55331,4628598.05809,199
2051,433271.61658,4627895.4655,206
2052,420942.5901,4645057.02489,15
2053,420031.64343,4647503.67368,6
2054,431319.99954,4628643.24508,191
2055,430435.6035,4623206.12135,285
2056,430858.44301,4623187.83067,286
2057,420925.25549,4618861.99853,841
2058,433126.47646,4625408.94498,238
2059,431785.16188,4594028.26225,855
2060,433819.81194,4608453.56065,588
2061,425851.89697,4627375.17866,262
2062,425839.4709,4624475.53498,270
2063,426814.87347,4622771.39966,271
2064,420140.38575,4645084.1259,11
2065,421774.82979,4647478.90111,2
2066,421759.66718,4645693.79166,13
2067,421548.31595,4645356.84168,16
2068,420943.08417,4645351.0932,16
2069,420909.50981,4650025.60884,2
2070,420927.95947,4648800.63072,2
2071,421406.02289,4647482.83534,2
2072,424180.21906,4646624.04282,29
2073,432240.45087,4607866.02821,914
2074,432250.22921,4609361.27177,575
2075,430616.93663,4607081.6401,911
2076,431980.68285,4607061.76625,913
2077,433269.20614,4625689.55905,228
2078,432241.77875,4606920.91153,913
2079,424988.80984,4645842.04621,36
2080,425799.54654,4646643.27087,30
2081,432380.35875,4606031.77123,917
2082,426615.24867,4645846.84425,37
2083,432624.087,4605402.10826,918
2084,422166.14321,4609628.93433,611
2085,423938.21866,4609572.87289,605
2086,427410.08659,4646653.70395,31
2087,424172.69245,4609171.63769,606
2088,424164.03267,4608352.54227,621
2089,428229.51212,4647456.48236,31
2090,429030.82083,4646652.99975,32
2091,424581.55738,4609172.3309,606
2092,424579.67608,4609060.56193,614
2093,425786.99075,4608973.46876,906
2094,433947.64486,4625685.29004,230
2095,433249.81447,4624889.09147,239
2096,428227.56598,4645844.66852,31
2097,413769.38066,4644320.22776,640
2098,413766.46856,4642709.23448,646
2099,413308.41536,4640520.64787,655
2100,414204.52544,4640480.79782,657
2101,419248.01686,4618066.99966,526
2102,418781.3685,4618032.5376,524
2103,414663.61883,4640911.31959,656
2104,414223.26763,4640924.37176,654
2105,413326.10483,4640956.21613,56
2106,415780.56152,4640870.25723,660
2107,427416.43354,4645028.91617,38
2108,426620.13211,4644233.99249,37
2109,424182.60741,4645043.01302,35
2110,434718.47219,4638998.05121,744
2111,430634.4542,4646642.15275,32
2112,435495.84251,4638604.16528,765
2113,429925.11983,4631526.34363,141
2114,429875.26609,4630533.08664,173
2115,429826.70924,4629706.89003,784
2116,429785.12358,4628898.11669,784
2117,429805.34406,4627844.3035,264
2118,429810.83877,4625461.65747,220
2119,432626.66359,4619144.90668,455
2120,429302.46034,4611418.93823,886
2121,431381.13432,4601638.63486,834
2122,429832.63023,4645837.24225,39
2123,430159.60531,4601994.75935,632
2124,433948.61652,4624878.60589,248
2125,429644.88668,4602013.67515,628
2126,429062.04118,4637829.07699,746
2127,427413.96252,4643013.03917,44
2128,430691.82181,4637725.49345,758
2129,430980.6875,4637719.78371,754
2130,419692.80716,4615265.75953,840
2131,432282.00778,4637674.46007,754
2132,427831.68945,4637826.81024,757
2133,426217.73133,4637841.44453,79
2134,418719.80644,4616984.35984,529
2135,413264.83833,4639461.91318,664
2136,412566.36002,4642286.07538,50
2137,420144.71957,4643461.51152,58
2138,412315.19396,4642703.81637,643
2139,409574.35762,4642682.74243,651
2140,418534.12286,4634954.29614,677
2141,423006.59675,4639443.92622,72
2142,422973.43322,4640693.98778,68
2143,416884.49006,4633810.56098,690
2144,416561.02638,4634204.5577,688
2145,416566.91057,4634618.13079,687
2146,415967.19997,4634621.66584,688
2147,415822.46245,4634625.96584,686
2148,425467.98082,4637838.30648,75
2149,415865.49432,4634142.95308,689
2150,425509.74524,4635666.28652,80
2151,415992.08977,4634204.73268,688
2152,416315.7482,4635426.55355,687
2153,415967.46933,4635430.47107,687
2154,414575.81827,4635438.679,673
2155,418715.83235,4616843.07364,831
2156,425729.63904,4634201.92785,87
2157,418723.92289,4615038.56263,831
2158,418711.53179,4615895.4326,829
2159,418962.63411,4613675.02384,835
2160,415193.62413,4634625.24407,686
2161,429935.2161,4631984.92533,141
2162,430398.94651,4631974.22862,144
2163,430427.06349,4632910.3752,127
2164,419691.81972,4613649.30885,836
2165,431562.01107,4631647.25709,154
2166,432290.72712,4631624.29589,156
2167,428570.76285,4610203.11403,0
2168,428535.88197,4609508.13889,0
2169,425810.95118,4633388.59566,90
2170,431478.21711,4631699.14181,147
2171,433316.36283,4642191.69941,107
2172,431536.16524,4631014.52175,167
2173,431393.58811,4631015.35768,166
2174,432763.34855,4631181.59458,156
2175,433656.99969,4641835.61354,108
2176,432698.5326,4630934.83282,169
2177,430377.04206,4631049.30224,162
2178,430312.58107,4631049.68029,161
2179,429900.05575,4631056.39741,160
2180,431208.97035,4628481.26968,195
2181,432168.08115,4628452.11048,196
2182,431745.59715,4628467.29433,192
2183,432180.03203,4628865.08144,192
2184,431754.33395,4628873.92992,192
2185,431763.14549,4629293.27374,188
2186,432145.706,4627787.05752,196
2187,431533.30986,4628472.89783,195
2188,431509.08521,4627802.73017,202
2189,431925.30791,4627351.55838,204
2190,431493.67573,4627357.54139,211
2191,431708.97746,4627353.83359,213
2192,432337.905,4627335.03423,204
2193,431672.52452,4626516.19155,218
2194,431616.36257,4625426.30462,236
2195,431542.87143,4623997.73965,244
2196,431505.57482,4623393.30938,255
2197,431467.86609,4622718.32166,306
2198,431462.20649,4621750.55508,333
2199,431450.72159,4621327.23254,333
2200,431447.17022,4621103.56689,364
2201,429705.29459,4621577.47904,324
2202,434388.31153,4623256.98,294
2203,433309.23913,4641491.07446,113
2204,434732.5541,4623679.56469,260
2205,434718.27728,4624078.22901,252
2206,434319.7586,4624088.86288,252
2207,434363.02605,4622967.60007,294
2208,433947.85096,4622970.02703,294
2209,426846.40469,4620840.364,319
2210,429474.02692,4619898.54061,392
2211,429686.27061,4619892.76329,409
2212,429898.99354,4619881.08886,395
2213,429913.51848,4620310.87259,380
2214,429909.25105,4620099.54999,394
2215,430334.6382,4620082.08722,395
2216,430551.73598,4620148.12941,383
2217,430772.72352,4620121.2678,398
2218,429465.20524,4619413.65438,417
2219,429398.68676,4619300.29233,416
2220,429378.43453,4618908.26931,426
2221,429581.94691,4618901.09289,426
2222,429917.94676,4618895.08587,417
2223,429495.22075,4618711.47561,426
2224,429445.93,4616031.99415,533
2225,430615.02336,4614900.96927,543
2226,429382.42544,4617167.8528,445
2227,433636.30553,4641226.21288,113
2228,432937.43716,4641267.23222,113
2229,432700.51441,4641040.60669,118
2230,432821.27488,4616848.4605,481
2231,433208.73136,4640565.73391,120
2232,433266.04043,4641030.49578,119
2233,432233.53471,4640176.97324,122
2234,432358.27395,4617239.75333,473
2235,432150.19707,4617246.60344,477
2236,431529.60723,4617271.05808,472
2237,431697.32137,4616430.08098,480
2238,432048.10276,4640607.77709,117
2239,431922.12833,4616620.50736,478
2240,431796.9046,4641063.21957,116
2241,432976.43824,4620320.81458,391
2242,433564.35789,4620319.05241,391
2243,432064.07074,4641287.01006,110
2244,431783.33736,4640189.11336,749
2245,434124.32826,4620258.0309,391
2246,434630.32278,4620022.75408,391
2247,419050.35113,4616392.36589,831
2248,419757.93171,4615562.91328,840
2249,419526.47397,4615565.6558,832
2250,419998.11723,4614716.15991,836
2251,419778.56373,4616383.51129,832
2252,432019.21921,4639764.97587,122
2253,422630.38508,4609611.02335,611
2254,420613.30541,4613653.11934,871
2255,421777.09953,4612915.82835,872
2256,431995.51099,4638887.23482,753
2257,422448.95788,4611432.09885,595
2258,431722.39228,4638524.44451,754
2259,422225.64341,4611164.74034,595
2260,422652.3027,4610079.35694,604
2261,428304.1776,4613583.03469,547
2262,427631.37001,4611477.78172,885
2263,427686.82378,4613590.69493,881
2264,427661.81605,4612420.62977,881
2265,426824.6388,4612440.33502,884
2266,425343.21543,4612615.42178,599
2267,425536.59437,4612531.07486,599
2268,425646.79945,4612491.66859,879
2269,428509.10847,4608813.66022,584
2270,429175.5538,4608320.03909,586
2271,425775.92054,4607641.34173,621
2272,426787.13976,4610792.76768,562
2273,428304.81058,4610731.23537,889
2274,431365.16134,4630154.39887,177
2275,413849.72789,4640933.81734,654
2276,415321.23076,4640895.93263,658
2277,414917.31595,4639080.03714,665
2278,416186.49849,4639061.46373,666
2279,412819.02851,4640038.88564,652
2280,413658.83744,4635896.55601,673
2281,421515.15584,4641066.95296,62
2282,421583.51874,4639442.65705,71
2283,430870.81348,4619673.38832,415
2284,432193.63698,4638508.56457,754
2285,433521.76589,4640470.11721,121
2286,419331.37894,4643483.25274,58
2287,431465.4373,4615325.27027,496
2288,431229.0256,4615331.60811,492
2289,428322.57661,4609863.79348,569
2290,425797.16503,4609508.26047,602
2291,427022.89343,4608268.88494,906
2292,430595.66077,4612681.05364,555
2293,423116.78814,4616067.57004,851
2294,425051.1847,4616045.26858,863
2295,426667.13102,4626761.4819,263
2296,425842.55908,4623304.66358,373
2297,426827.438,4619992.06296,375
2298,429311.52326,4619905.13078,392
2299,428229.12823,4625238.94816,272
2300,428223.15568,4624916.4074,272
2301,428155.81038,4622269.2788,322
2302,428402.94211,4615664.20691,531
2303,432434.36142,4639790.05566,123
2304,429966.51401,4636213.15826,758
2305,429939.04831,4637818.77897,758
2306,428674.86247,4632225.66474,776
2307,429932.07126,4631848.12409,144
2308,430165.48589,4631980.38149,142
2309,429940.70113,4632097.03403,142
2310,430404.75134,4632083.58016,143
2311,430629.39279,4631961.53517,145
2312,430856.07185,4631729.48254,146
2313,431075.96971,4631256.01549,165
2314,431096.1725,4631956.1144,139
2315,431344.95056,4632290.00804,140
2316,430650.0356,4632666.54351,138
2317,430184.34738,4632680.14389,137
2318,431265.55292,4633753.38301,128
2319,431910.22191,4631401.5605,155
2320,432152.87028,4631628.23426,155
2321,431725.71267,4631224.13192,167
2322,431552.27578,4631433.76617,154
2323,431717.32882,4631954.59061,148
2324,431111.11554,4632652.08481,134
2325,430652.26342,4632900.39482,133
2326,430190.65934,4632923.47067,126
2327,429982.10603,4633112.55712,126
2328,429916.97737,4631282.11706,161
2329,430144.95716,4631049.11673,163
2330,429888.60108,4630788.84087,160
2331,430093.36719,4630527.63784,173
2332,430307.86992,4630781.74867,164
2333,430381.16705,4631279.19121,162
2334,430560.76174,4631041.84977,164
2335,430829.78086,4630780.96069,166
2336,431081.75513,4630561.66136,166
2337,427031.10625,4629789.19732,781
2338,432898.6121,4631173.82835,170
2339,433105.49152,4630838.05478,171
2340,432909.10963,4630543.16953,182
2341,433109.66818,4630604.61259,171
2342,431683.95999,4630557.47247,167
2343,425929.92769,4628186.39059,785
2344,430519.82331,4628875.97564,186
2345,430251.08064,4629060.00138,183
2346,430430.58965,4627833.0486,200
2347,430726.33275,4626833.01144,210
2348,430785.16707,4628982.53445,187
2349,431333.72266,4629056.81508,188
2350,431973.66133,4629286.44791,189
2351,432428.46336,4629272.83189,190
2352,432492.01319,4628450.05413,193
2353,432743.51723,4628105.82203,198
2354,431845.23527,4627792.66134,203
2355,431521.8905,4628132.0335,195
2356,429066.39845,4631005.93914,159
2357,431501.94912,4627579.01586,203
2358,431927.80587,4627570.7575,203
2359,432023.3198,4626909.00718,213
2360,432239.05357,4626478.07305,214
2361,431498.40256,4626538.2624,212
2362,430932.96177,4625442.18589,223
2363,430285.99035,4625153.77079,232
2364,429935.99532,4625456.63437,220
2365,430296.15428,4626267.85365,219
2366,429812.11094,4625966.49389,220
2367,432809.54208,4625415.51033,238
2368,433949.3058,4624671.45049,250
2369,433709.18478,4623265.03783,316
2370,434162.92457,4623260.63904,293
2371,433127.44547,4624624.61345,248
2372,431793.86462,4625420.47023,236
2373,430868.60477,4624832.05541,242
2374,430276.27928,4624646.92907,241
2375,432150.89129,4623994.39427,245
2376,431733.00589,4624009.55709,255
2377,431342.54547,4624810.22524,235
2378,430050.88375,4624043.76024,278
2379,429450.32918,4624466.32456,277
2380,430456.46966,4624024.06072,285
2381,430664.61301,4624227.35531,242
2382,430022.31873,4623220.85881,300
2383,429615.55605,4623233.83494,299
2384,429597.93126,4622407.66443,299
2385,429979.04166,4622393.96171,300
2386,429755.20521,4621981.65978,325
2387,429963.29019,4621567.22075,354
2388,433139.98637,4623211.20656,290
2389,433134.27971,4622927.88387,313
2390,432126.61999,4623159.85537,309
2391,432333.31898,4622513.59078,310
2392,431483.10062,4622934.07201,305
2393,431706.84595,4623172.97455,307
2394,431272.69654,4623178.29241,287
2395,431270.90292,4622357.4417,332
2396,431467.26472,4622037.40032,332
2397,431868.43055,4621205.11517,365
2398,430593.51842,4621452.86173,358
2399,430719.85488,4621770.10929,331
2400,429544.29014,4621175.14683,352
2401,429720.26816,4620953.27203,353
2402,429927.61021,4620735.86839,380
2403,430148.55128,4620939.3444,357
2404,429941.45028,4621162.11177,355
2405,430250.12789,4620726.13081,357
2406,430266.38281,4621152.77928,356
2407,430134.62393,4620511.06129,381
2408,430220.32235,4620300.39388,381
2409,429853.61082,4620314.70462,380
2410,429708.17753,4620513.55482,380
2411,429526.7498,4620749.51865,379
2412,429909.17702,4620049.74534,395
2413,429692.44662,4620102.4163,393
2414,429797.80058,4619886.6658,409
2415,429507.2201,4620322.8686,379
2416,429510.49379,4619897.49048,409
2417,427898.88697,4619143.97843,423
2418,430448.47417,4620293.88392,382
2419,430898.00845,4620703.84189,384
2420,430688.26106,4621138.95402,361
2421,430679.09123,4620712.73301,383
2422,430749.9365,4619575.05105,414
2423,430537.39821,4619576.01738,414
2424,430320.28268,4619580.39698,412
2425,430529.73183,4619334.87618,419
2426,430406.2388,4619128.83158,419
2427,430312.12737,4619302.37864,419
2428,430421.12931,4619476.56206,419
2429,430088.11195,4619087.71566,418
2430,429878.68459,4619275.04373,417
2431,429731.38168,4618898.02262,417
2432,429252.02098,4618286.99148,426
2433,430334.16455,4618722.1028,430
2434,430739.61137,4618412.57905,458
2435,430739.10744,4618942.26612,447
2436,432204.499,4619155.76864,450
2437,432617.30606,4618417.36071,467
2438,431978.38648,4617891.51911,464
2439,431852.75814,4617255.0399,477
2440,432135.04448,4617034.43848,481
2441,431723.90484,4616835.05491,477
2442,430528.16293,4616871.77657,474
2443,432705.79757,4615961.10092,483
2444,433039.64323,4616401.54123,481
2445,432520.1119,4615609.91786,485
2446,433014.93476,4615599.34999,484
2447,431447.88215,4614743.5394,501
2448,432065.87572,4614147.72766,509
2449,428811.51502,4612387.86864,886
2450,428799.27054,4611437.75688,890
2451,427967.14371,4611465.00612,889
2452,427643.61545,4611921.95222,885
2453,427979.34929,4612406.04054,885
2454,427234.99646,4611490.34866,888
2455,426818.18324,4611953.40164,883
2456,427240.43267,4612430.32722,880
2457,429336.54151,4612704.6604,882
2458,427327.64978,4610253.65756,563
2459,426280.50687,4610295.15577,562
2460,427863.82489,4609869.69379,569
2461,428109.25428,4610219.41787,563
2462,429692.03101,4610175.84528,565
2463,429250.53661,4609932.8355,571
2464,430282.65915,4608744.61833,586
2465,431445.46178,4607881.85569,913
2466,430640.85244,4608354.19704,587
2467,430627.30094,4607495.06058,913
2468,431143.15866,4605444.19245,917
2469,430385.91136,4605295.57916,804
2470,430813.11466,4602354.09517,630
2471,431083.80312,4601965.8479,633
2472,424921.82861,4606715.75,908
2473,424159.80935,4607465.17546,621
2474,424161.2718,4608654.67018,613
2475,421936.30571,4607109.45534,617
2476,421725.42263,4609183.30194,610
2477,421714.0418,4608250.83402,617
2478,421336.651,4608722.27338,610
2479,422399.44883,4609613.37888,611
2480,422640.05049,4609847.08753,604
2481,422931.45598,4609597.89977,612
2482,422207.60118,4610809.39964,593
2483,421993.16666,4610567.17303,594
2484,421992.90488,4611198.05639,593
2485,421778.59989,4610879.18547,593
2486,421772.64551,4610248.72866,594
2487,417360.11399,4620480.17041,800
2488,418166.26825,4620479.25594,801
2489,422903.76729,4626588.45234,721
2490,430635.21286,4614296.44024,542
2491,431094.09873,4614361.63971,508
2492,428664.89224,4616032.44597,531
2493,428540.2803,4616620.3434,446
2494,427444.90462,4616434.91243,439
2495,427054.34097,4616040.88654,439
2496,426648.16252,4616442.64007,439
2497,426246.46195,4616045.60732,860
2498,425842.47126,4615239.91376,866
2499,426648.34211,4615225.09843,866
2500,424826.45189,4619255.07443,812
2501,428732.3651,4608464.57014,0
2502,419647.87869,4618887.19648,519
2503,419851.18416,4618465.53541,841
2504,419828.01673,4617787.16805,527
2505,417348.75486,4618467.41708,520
2506,417771.8233,4622583.60742,797
2507,418573.01006,4622192.36722,803
2508,424713.46751,4621315.32406,372
2509,428406.6337,4623260.72449,297
2510,428393.78431,4622434.25459,322
2511,430463.54153,4620718.4863,359
2512,430469.15447,4621146.45895,359
2513,432795.20324,4627316.98381,215
2514,431863.24411,4627350.49615,213
2515,431847.7483,4628460.37961,196
2516,432393.03781,4638090.36808,754
2517,431072.88656,4619667.16358,398
2518,431074.94627,4617921.2054,462
2519,431399.377,4618284.64298,462
2520,429386.64497,4619720.70025,410
2521,429471.59223,4619806.42767,408
2522,429385.66242,4619902.42439,392
2523,429307.45209,4619806.72102,408
2524,429467.26622,4619601.9308,411
2525,429365.02047,4619505.40005,416
2526,429258.54681,4619605.42963,410
2527,427225.92721,4619161.40364,404
2528,417245.29553,4632995.2513,704
2529,414417.91162,4640915.54956,657
2530,424175.32797,4649558.96301,18
2531,429836.30338,4648140.25688,27
2532,431290.77247,4635606.54575,764
2533,418549.0325,4618265.3658,523
2534,418172.96121,4621689.9682,801
2535,421218.6794,4612843.39311,872
2536,420816.08901,4613272.15227,870
2537,422185.61657,4610188.37947,594
2538,431384.35702,4602090.66581,834
2539,428429.0243,4609512.00946,569
2540,422438.30458,4611020.032,595
2541,418564.35377,4619049.72887,516
2542,416974.15701,4621686.13538,800
2543,419585.06219,4633488.7285,694
2544,431653.38279,4626113.74952,218
2545,429808.7275,4626277.77044,219
2546,429808.7275,4626951.07515,208
2547,429801.96062,4628324.75208,185
2548,430740.54926,4619337.24044,420
2549,428505.17053,4608701.84592,0
2550,428564.70314,4610082.37982,0
2551,425757.55907,4605885.91649,908
2552,428547.37302,4609737.09067,0
2553,425897.97508,4627477.90606,724
2554,425835.29227,4603846.18463,909
2555,425955.32751,4603402.63651,909
2556,426261.52371,4614426.82359,878
2557,426336.15391,4614599.84728,866
2558,426380.93154,4614255.53227,878
2559,426453.82458,4614229.25518,878
2560,426492.8124,4614728.26013,866
2561,426500.74141,4614203.98976,878
2562,426541.88246,4614171.41507,535
2563,426595.41471,4614132.63892,535
2564,431387.15159,4615327.36892,0
2565,426643.4354,4614425.74765,441
2566,426729.70398,4614419.05327,441
2567,427689.38272,4613717.80308,546
2568,431220.74673,4614948.20679,0
2569,431226.51827,4615782.81084,0
2570,428308.97319,4613848.93642,546
2571,430860.05451,4614980.75802,0
2572,428468.75568,4602922.50941,909
2573,429450.30684,4603051.98666,820
2574,429626.22085,4602939.98777,628
2575,429889.02234,4602937.64903,628
2576,431061.54916,4614973.59097,0
2577,431006.78699,4614225.88736,508
2578,430878.70213,4615505.14468,0
2579,431214.58969,4617082.04823,0
2580,432164.55077,4618680.60054,0
2581,432199.34644,4618413.87851,0
2582,431978.64639,4618099.95688,0
2583,431473.60634,4615618.25498,495
2584,429063.74557,4617278.20551,0
2585,425924.13344,4627525.09037,785
2586,431295.76524,4627806.83526,202
2587,430975.41988,4625439.81373,234
2588,431198.44256,4628472.30109,195
2589,431221.16648,4628491.38575,195
2590,428248.94056,4614057.67157,546
2591,426680.34867,4614098.56671,535
2592,431117.23425,4628214.08629,195
2593,431074.36221,4627172.58394,201
2594,430992.95224,4626244.89925,224
2595,426649.06213,4614920.1729,441
2596,419037.24478,4618903.93066,517
2597,419003.05418,4618073.15329,524
2598,418992.00385,4617792.75242,527
2599,418529.2033,4617814.75102,523
2600,431217.61214,4627943.55299,195
2601,433139.90261,4625824.55105,0
2602,433130.20215,4625850.04938,0
2603,433129.49517,4624863.07005,0
2604,428630.75649,4624082.32078,0
2605,429040.40938,4612382.94061,0
2606,429049.16148,4624069.13778,0
2607,431060.10116,4622576.42469,0
2608,430440.30067,4628878.30289,0
2609,430491.83269,4627832.16213,0
2610,431139.11013,4628820.1132,0
2611,431119.92114,4628337.71699,0
2612,431324.98218,4628793.40669,0
2613,431752.29703,4628779.12712,0
2614,431556.01033,4628785.61579,0
2615,431967.65573,4628774.52125,0
2616,432177.19136,4628766.92112,0
2617,432487.32634,4628755.91725,0
2618,432742.80378,4628754.94943,0
2619,433328.02475,4628768.72476,0
2620,431079.07144,4627371.96581,0
2621,430609.09571,4621891.39442,0
2622,430310.95907,4619270.69294,0
2623,430527.92302,4619267.54623,0
2624,430367.37856,4619122.31276,0
2625,430378.40967,4618920.31511,0
2626,430601.17237,4621631.88122,0
2627,430490.83935,4621757.79306,0
2628,430920.34176,4617507.02033,0
2629,432481.85433,4617016.24726,0
2630,431970.87723,4616010.12094,0
2631,431716.66994,4615615.36524,0
2632,431709.67855,4615320.33867,0
2633,431955.92307,4615847.87449,0
2634,432701.43468,4614332.51179,0
2635,431900.30349,4614350.13165,0
2636,432323.70635,4614340.37036,0
2637,432701.75306,4614557.88144,0
2638,430868.88767,4614766.1156,0
2639,430513.24848,4622375.31377,0
2640,431433.17011,4613975.06765,0
2641,430782.40028,4614264.64495,0
2642,430817.11666,4614017.86444,0
2643,430817.14506,4613982.83945,0
2644,420346.56593,4622058.94989,0
2645,431868.92185,4613445.2073,0
2646,431841.89908,4612830.68053,0
2647,431854.95962,4613134.86949,0
2648,431841.90883,4617055.54789,0
2649,430876.77035,4615820.65034,0
2650,430505.58821,4622164.22396,0
2651,428702.91272,4614045.13467,0
2652,429051.96025,4613209.05524,0
2653,430512.94305,4626536.23416,0
2654,430310.44834,4626936.10734,0
2655,429040.40938,4612382.94061,0
2656,430483.93784,4627350.75598,0
2657,430453.44064,4628310.46149,0
2658,430304.24736,4625754.80913,0
2659,430372.89926,4629094.73205,0
2660,432153.21514,4628010.25261,0
2661,431689.66807,4626910.13102,0
2662,429799.58692,4622811.63195,0
2663,430204.82024,4622170.81611,0
2664,429750.54605,4621831.98222,0
2665,429735.82888,4621375.79107,0
2666,429946.69424,4621367.3646,0
2667,429934.7498,4620955.7527,0
2668,429920.62803,4620525.29228,0
2669,429834.71161,4621165.45286,0
2670,430043.58498,4621159.55109,0
2671,429824.08639,4620738.96774,0
2672,430037.72337,4620732.91021,0
2673,430013.00933,4620308.16447,0
2674,432189.1459,4622358.22738,0
2675,431456.51296,4621540.69807,0
2676,431671.89578,4621535.39651,0
2677,431631.75026,4625712.04658,0
2678,431658.66738,4621213.35907,0
2679,431449.09661,4621224.8914,0
2680,431745.38301,4621316.9501,0
2681,431798.5017,4621742.47207,0
2682,430750.7728,4619179.47548,0
2683,430522.50221,4619053.41135,0
2684,430519.8654,4618833.21767,0
2685,430144.32649,4618351.64779,0
2686,426644.18742,4617051.34719,0
2687,427440.36498,4617316.06061,0
2688,427613.44426,4618630.78555,0
2689,426542.34263,4618380.67216,0
2690,428196.7047,4616287.75353,0
2691,427787.55325,4616036.21978,0
2692,431699.90797,4627145.43011,0
2693,431749.34965,4628641.94772,0
2694,427442.52555,4616841.63567,0
2695,428766.42177,4616835.77226,0
2696,430785.29362,4615229.38902,0
2697,424237.42456,4616862.47679,0
2698,424237.433,4616858.96581,0
2699,431434.0278,4614167.02953,0
2700,430822.50068,4613983.8964,0
2701,426604.52791,4614425.85719,0
2702,426644.99448,4614562.74843,0
2703,426643.71549,4614444.05918,0
2704,426673.95925,4614474.07035,0
2705,426645.77953,4617392.1935,0
2706,426889.86016,4614085.36327,0
2707,428308.18643,4613805.31307,0
2708,429980.7438,4617997.163,0
2709,430232.2862,4617979.94704,0
2710,430807.82058,4619119.91095,0
2711,430735.09061,4619251.17903,0
2712,428248.39534,4614171.76874,0
2713,428229.68774,4614058.31216,0
2714,429938.57107,4617673.60675,0
2715,433341.9089,4628116.91665,0
2716,433388.63546,4628480.96288,0
2717,433386.22023,4629092.08952,0
2718,426171.85789,4627374.36078,0
2719,426028.21874,4627279.75195,0
2720,425849.98775,4627254.44333,0
2721,425806.61958,4627375.43463,0
2722,425880.70113,4627361.35808,0
2723,428057.31968,4620850.98033,0
2724,428080.27248,4620793.39697,0
2725,430790.7146,4619193.17265,0
2726,430560.02311,4617727.88306,0
2727,430782.90871,4617930.77947,0
2728,430650.54887,4617518.60553,0
2729,431137.49018,4617918.99941,0
2730,431095.79899,4617500.03606,0
2731,431542.69653,4617773.1229,0
2732,428751.49777,4617053.65349,0
2733,430361.1702,4629698.6062,0
2734,430413.4009,4629157.15614,0
2735,430606.30475,4621772.51613,0
2749,430281.81568,4624860.39654,0
2750,429435.22992,4624881.71345,0
2751,428654.11752,4624866.48709,0
2753,429860.04544,4624863.44181,0
2754,429050.00295,4624878.66818,0
2755,433948.31226,4625485.57378,0
2756,433456.10784,4625397.9149,0
2757,433664.28077,4625479.69712,0
2758,426847.58188,4613336.78481,0
2759,431177.53361,4629305.55447,0
2760,431341.99417,4629455.23206,0
2761,431157.20703,4629000.65569,0
2762,431125.54305,4628483.41138,0
2763,426891.49639,4614297.52783,0
2764,427090.5711,4614534.78126,0
2765,427535.0804,4615112.91605,0
2766,427633.25423,4615227.45219,0
2767,431914.5266,4616325.15787,0
2768,429051.90507,4625483.66813,0
2769,429061.29841,4625194.8228,0
2770,429043.50397,4624544.40605,0
2771,429043.50397,4623659.26245,0
2772,429008.94305,4622822.12014,0
2774,428968.62198,4622057.93977,0
2775,428180.26737,4617225.53137,0
2776,427447.06379,4617313.61341,0
2777,427027.27531,4617326.20706,0
2778,427459.4274,4615369.46985,0
2779,431416.96722,4620636.67049,0
2780,431418.73085,4620686.93407,0
2781,430360.50798,4634989.24332,0
2782,430312.96969,4634399.76846,0
2783,430202.047,4633537.7407,0
2784,430198.35182,4633103.21597,0
2785,430185.39571,4632789.38997,0
2786,430178.19786,4632462.60786,0
2787,430166.68131,4632207.80419,0
2788,430165.24174,4632095.51783,0
2789,430166.68131,4631751.46089,0
2790,430152.28562,4631312.39242,0
2791,430132.48864,4630809.5293,0
2792,430084.32598,4630532.26861,0
2793,430133.79033,4630231.57743,0
2794,429766.83156,4632974.7193,0
2795,430369.4835,4621219.15048,0
2796,430166.8925,4621481.56701,0
2797,427544.17501,4624110.24192,0
2798,426495.30217,4624124.64951,0
2799,425841.19741,4624156.34622,0
2800,427813.51697,4615671.71416,0
2801,429812.57109,4625160.2335,0
2802,429855.85416,4624460.00273,0
2803,430569.10734,4616031.20861,0
2804,429933.94371,4616039.67746,0
2805,430906.8775,4627359.70405,0
2806,431433.94653,4620901.03164,0
2807,431858.63236,4629924.74085,0
2808,432829.63361,4631175.49512,0
2809,432817.34743,4630545.82816,0
2811,429312.47421,4624881.12381,0
2812,429321.75764,4624064.18193,0
2813,432124.00506,4620924.80857,0
